row_id,sheet,room_number,room_name,drawing_code,code_description,item_class,unit,plan_qty,model_qty,difference,model_status,source_sheet,callout_ids,typ_on_label,target_symbol,counted_ids,evidence,confidence,review_status,pilot
R001,A06.04A (east),406,HCO RECEPTION,MFN-307,Not supplied (no furniture schedule provided),individual piece,each,1,,,Model not supplied,A06.04A (east),E-C50,no,T-5 (15x15 pt),E-T057,E-C50: leader ends 0.1 pt from T-5 piece mask; 1 x T-5 found in room by in-symbol tag | Open-plan room (boundary inferred at narrowest opening); all counted items are at least 10 pt from the split line.,High,Plan count checked; awaiting model comparison,False
R002,A06.04A (east),406,HCO RECEPTION,MFN-400,Not supplied (no furniture schedule provided),individual piece,each,1,,,Model not supplied,A06.04A (east),E-C44,no,S-5 (15x15 pt),E-T020,E-C44: leader ends 0.3 pt from S-5 piece mask; 1 x S-5 found in room by in-symbol tag | Open-plan room (boundary inferred at narrowest opening); all counted items are at least 10 pt from the split line.,High,Plan count checked; awaiting model comparison,False
R003,A06.04A (east),406,HCO RECEPTION,MFN-405,Not supplied (no furniture schedule provided),individual piece,each,2,,,Model not supplied,A06.04A (east),E-C52,TYP,S-3 (27x27 pt),"E-T061, E-T062",E-C52: leader (TYP) ends inside S-3 piece outline (6.1 pt from edge); 2 x S-3 found in room by in-symbol tag (2 rotated: size not compared) | Open-plan room (boundary inferred at narrowest opening); all counted items are at least 10 pt from the split line.,High,Plan count checked; awaiting model comparison,False
R004,A06.04A (east),407,HCO COPE,MFN-400,Not supplied (no furniture schedule provided),individual piece,each,1,,,Model not supplied,A06.04A (east),E-C36,no,S-5 (15x15 pt),E-T035,E-C36: leader ends 0.3 pt from S-5 piece mask; 1 x S-5 found in room by in-symbol tag,High,Plan count checked; awaiting model comparison,False
R005,A06.04A (east),407,HCO COPE,MFN-401,Not supplied (no furniture schedule provided),individual piece,each,2,,,Model not supplied,A06.04A (east),E-C05,TYP,S-2 (18x18 pt),"E-T036, E-T037",E-C05: leader (TYP) ends inside S-2 piece outline (3.7 pt from edge); 2 x S-2 found in room by in-symbol tag,High,Plan count checked; awaiting model comparison,False
R006,A06.04A (east),410,DEPARTMENT 1,MFN-400,Not supplied (no furniture schedule provided),individual piece,each,3,,,Model not supplied,A06.04A (east),E-C04,TYP,S-5 (15x15 pt),"E-T012, E-T013, E-T034",E-C04: leader (TYP) ends 0.2 pt from S-5 piece mask; 3 x S-5 found in room by in-symbol tag,High,Plan count checked; awaiting model comparison,False
R007,A06.04A (east),410,DEPARTMENT 1,WTR-500,Not supplied (no furniture schedule provided),window-related item at exterior glazing (count basis: glazing bays),glazing bay,3,,,Model not supplied,A06.04A (east),E-C03,TYP,glazing bay (pane E-W58),"E-W58, E-W59, E-W60",E-C03: leader ends on exterior glazing pane E-W58; 3 glazing bays (panes between mullions) on this room's exterior wall,Medium,REVIEW - unit of measure unconfirmed,False
R008,A06.04A (east),411,HCO AREA SECRETARY,MFN-400,Not supplied (no furniture schedule provided),individual piece,each,1,,,Model not supplied,A06.04A (east),E-C08,no,S-5 (15x15 pt),E-T014,E-C08: leader ends 0.2 pt from S-5 piece mask; 1 x S-5 found in room by in-symbol tag,High,Plan count checked; awaiting model comparison,False
R009,A06.04A (east),411,HCO AREA SECRETARY,MFN-401,Not supplied (no furniture schedule provided),individual piece,each,2,,,Model not supplied,A06.04A (east),E-C09,TYP,S-2 (18x18 pt),"E-T038, E-T039",E-C09: leader (TYP) ends inside S-2 piece outline (1.8 pt from edge); 2 x S-2 found in room by in-symbol tag,High,Plan count checked; awaiting model comparison,False
R010,A06.04A (east),412,WORK AREA,CRM-301.3,Not supplied (no furniture schedule provided),individual piece,each,1,,,Model not supplied,A06.04A (east),E-C18,no,T-1.3 (27x67 pt),E-T052,E-C18: leader ends 0.1 pt from T-1.3 piece mask; 1 x T-1.3 found in room by in-symbol tag | Open-plan room (boundary inferred at narrowest opening); all counted items are at least 10 pt from the split line.,High,Plan count checked; awaiting model comparison,True
R011,A06.04A (east),412,WORK AREA,CRM-325,Not supplied (no furniture schedule provided),individual piece,each,2,,,Model not supplied,A06.04A (east),E-C14,no,B-5B.4 (9x27 pt),"E-T053, E-T054",E-C14: leader ends 0.1 pt from B-5B.4 piece mask; 2 x B-5B.4 found in room by in-symbol tag | Open-plan room (boundary inferred at narrowest opening); all counted items are at least 10 pt from the split line.,High,Plan count checked; awaiting model comparison,True
R012,A06.04A (east),412,WORK AREA,CRM-400,Not supplied (no furniture schedule provided),individual piece,each,6,,,Model not supplied,A06.04A (east),E-C17,TYP,S-10 (13x15 pt),"E-T046, E-T047, E-T048, E-T049, E-T050, E-T051",E-C17: leader (TYP) ends 0.3 pt from S-10 piece mask; 6 x S-10 found in room by in-symbol tag | Open-plan room (boundary inferred at narrowest opening); all counted items are at least 10 pt from the split line.,High,Plan count checked; awaiting model comparison,True
R013,A06.04A (east),413,ADMIN,CC-900,Not supplied (no furniture schedule provided),individual units (stacked group),each,3,,,Model not supplied,A06.04A (east),E-C16,TYP,CC-1 (13x9 pt),"E-T040, E-T041, E-T042",E-C16: leader (TYP) ends inside CC-1 piece outline (0.0 pt from edge); 3 x CC-1 found in room by in-symbol tag,High,Plan count checked; awaiting model comparison,False
R014,A06.04A (east),414,E / O,AUD-300.2R,Not supplied (no furniture schedule provided),multi-part assembly (D-6A+F),assembly,1,,,Model not supplied,A06.04A (east),E-C19,no,D-6A+F assembly,E-S01,E-C19: leader ends on D-6A (E-T140) which is part of desk assembly E-S01; 1 assembly of D-6A+F in room,High,Plan count checked; awaiting model comparison,False
R015,A06.04A (east),414,E / O,AUD-400,Not supplied (no furniture schedule provided),individual piece,each,1,,,Model not supplied,A06.04A (east),E-C20,no,S-13 (19x19 pt),E-T043,E-C20: leader ends inside S-13 piece outline (4.9 pt from edge); 1 x S-13 found in room by in-symbol tag (1 rotated: size not compared),High,Plan count checked; awaiting model comparison,False
R016,A06.04A (east),414,E / O,MFN-400,Not supplied (no furniture schedule provided),individual piece,each,1,,,Model not supplied,A06.04A (east),E-C21,no,S-5 (19x19 pt),E-T015,E-C21: leader ends 1.5 pt from S-5 piece mask; 1 x S-5 found in room by in-symbol tag (1 rotated: size not compared),High,Plan count checked; awaiting model comparison,False
R017,A06.04A (east),415,E / O,AUD-300.2R,Not supplied (no furniture schedule provided),multi-part assembly (D-6A+F),assembly,1,,,Model not supplied,A06.04A (east),E-C24,no,D-6A+F assembly,E-S04,E-C24: leader ends on F (E-T155) which is part of desk assembly E-S04; 1 assembly of D-6A+F in room,High,Plan count checked; awaiting model comparison,False
R018,A06.04A (east),415,E / O,AUD-400,Not supplied (no furniture schedule provided),individual piece,each,1,,,Model not supplied,A06.04A (east),E-C23,no,S-13 (20x20 pt),E-T044,E-C23: leader ends 0.8 pt from S-13 piece mask; 1 x S-13 found in room by in-symbol tag (1 rotated: size not compared),High,Plan count checked; awaiting model comparison,False
R019,A06.04A (east),415,E / O,MFN-400,Not supplied (no furniture schedule provided),individual piece,each,1,,,Model not supplied,A06.04A (east),E-C25,no,S-5 (20x20 pt),E-T016,E-C25: leader ends 0.4 pt from S-5 piece mask; 1 x S-5 found in room by in-symbol tag (1 rotated: size not compared),High,Plan count checked; awaiting model comparison,False
R020,A06.04A (east),416,E / O,AUD-300.2R,Not supplied (no furniture schedule provided),multi-part assembly (D-6A+F),assembly,1,,,Model not supplied,A06.04A (east),E-C28,no,D-6A+F assembly,E-S03,E-C28: leader ends on D-6A (E-T152) which is part of desk assembly E-S03; 1 assembly of D-6A+F in room | Open-plan room (boundary inferred at narrowest opening); all counted items are at least 10 pt from the split line.,High,Plan count checked; awaiting model comparison,False
R021,A06.04A (east),416,E / O,AUD-400,Not supplied (no furniture schedule provided),individual piece,each,1,,,Model not supplied,A06.04A (east),E-C26,no,S-13 (18x18 pt),E-T045,E-C26: leader ends no tagged mask at endpoint; nearest in-symbol tag S-13 at 11.2 pt; 1 x S-13 found in room by in-symbol tag (1 rotated: size not compared) | Open-plan room (boundary inferred at narrowest opening); all counted items are at least 10 pt from the split line.,Medium,REVIEW - see evidence,False
R022,A06.04A (east),416,E / O,MFN-400,Not supplied (no furniture schedule provided),individual piece,each,1,,,Model not supplied,A06.04A (east),E-C30,no,S-5 (19x19 pt),E-T017,E-C30: leader ends 1.9 pt from S-5 piece mask; 1 x S-5 found in room by in-symbol tag (1 rotated: size not compared) | Open-plan room (boundary inferred at narrowest opening); all counted items are at least 10 pt from the split line.,High,Plan count checked; awaiting model comparison,False
R023,A06.04A (east),417,CHIEF ETHICS OFFICER,AUD-300.2R,Not supplied (no furniture schedule provided),multi-part assembly (D-6A+F),assembly,1,,,Model not supplied,A06.04A (east),E-C46,no,D-6A+F assembly,E-S02,E-C46: leader ends on D-6A (E-T150) which is part of desk assembly E-S02; 1 assembly of D-6A+F in room,High,Plan count checked; awaiting model comparison,False
R024,A06.04A (east),417,CHIEF ETHICS OFFICER,AUD-400,Not supplied (no furniture schedule provided),individual piece,each,1,,,Model not supplied,A06.04A (east),E-C41,no,S-13 (14x17 pt),E-T056,E-C41: leader ends 0.1 pt from S-13 piece mask; 1 x S-13 found in room by in-symbol tag,High,Plan count checked; awaiting model comparison,False
R025,A06.04A (east),417,CHIEF ETHICS OFFICER,MFN-400,Not supplied (no furniture schedule provided),individual piece,each,1,,,Model not supplied,A06.04A (east),E-C32,no,S-5 (15x15 pt),E-T018,E-C32: leader ends 0.2 pt from S-5 piece mask; 1 x S-5 found in room by in-symbol tag,High,Plan count checked; awaiting model comparison,False
R026,A06.04A (east),418,ETHICS OFFICER,AUD-300.2R,Not supplied (no furniture schedule provided),multi-part assembly (D-6A+F),assembly,1,,,Model not supplied,A06.04A (east),E-C29,no,D-6A+F assembly,E-S05,E-C29: leader ends on F (E-T157) which is part of desk assembly E-S05; 1 assembly of D-6A+F in room,High,Plan count checked; awaiting model comparison,False
R027,A06.04A (east),418,ETHICS OFFICER,AUD-400,Not supplied (no furniture schedule provided),individual piece,each,1,,,Model not supplied,A06.04A (east),E-C31,no,S-13 (14x17 pt),E-T055,E-C31: leader ends 0.1 pt from S-13 piece mask; 1 x S-13 found in room by in-symbol tag,High,Plan count checked; awaiting model comparison,False
R028,A06.04A (east),418,ETHICS OFFICER,MFN-400,Not supplied (no furniture schedule provided),individual piece,each,1,,,Model not supplied,A06.04A (east),E-C37,no,S-5 (15x15 pt),E-T019,E-C37: leader ends 0.2 pt from S-5 piece mask; 1 x S-5 found in room by in-symbol tag,High,Plan count checked; awaiting model comparison,False
R029,A06.04A (east),419,RESTROOM,RR-702,Not supplied (no furniture schedule provided),wall-mounted item,each,1,,,Model not supplied,A06.04A (east),E-C51,no,wall-mounted bar 15 pt (E-A01),E-A01,E-C51: leader ends on wall E-A01; heavy-outlined thin symbol on the 419 face (drawn on wall face; open side +y clears wall at 0.8 pt; first room region on that side); 1 matching symbol(s) in room,Medium,REVIEW - see evidence,False
R030,A06.04A (east),421,DEPARTMENT 3,HDF-900,Not supplied (no furniture schedule provided),multi-part assembly (bank of sections),system (assembly),1,,,Model not supplied,A06.04A (east),E-C72,no,filing/shelving bank with F-1 tag E-T139,E-T139,E-C72: leader ends on a hexagon-pattern section; bank carries in-symbol tag F-1 (E-T139) - one system in room,Medium,REVIEW - assembly vs section count unconfirmed,False
R031,A06.04A (east),421,DEPARTMENT 3,MFN-400,Not supplied (no furniture schedule provided),individual piece,each,4,,,Model not supplied,A06.04A (east),E-C56,TYP,S-5 (15x15 pt),"E-T021, E-T022, E-T023, E-T024",E-C56: leader (TYP) ends 0.3 pt from S-5 piece mask; 4 x S-5 found in room by in-symbol tag,High,Plan count checked; awaiting model comparison,False
R032,A06.04A (east),421,DEPARTMENT 3,WTR-500,Not supplied (no furniture schedule provided),window-related item at exterior glazing (count basis: glazing bays),glazing bay,11,,,Model not supplied,A06.04A (east),E-C55,TYP,glazing bay (pane E-W38),"E-W01, E-W02, E-W03, E-W04, E-W37, E-W38, E-W39, E-W40, E-W41, E-W42, E-W71",E-C55: leader ends on exterior glazing pane E-W38; 11 glazing bays (panes between mullions) on this room's exterior wall,Medium,REVIEW - unit of measure unconfirmed,False
R033,A06.04A (east),422,MIMEO FILES,HDF-900,Not supplied (no furniture schedule provided),multi-part assembly (bank of sections),system (assembly),1,,,Model not supplied,A06.04A (east),E-C67,no,filing/shelving bank with F-1 tag E-T138,E-T138,E-C67: leader ends on a hexagon-pattern section; bank carries in-symbol tag F-1 (E-T138) - one system in room,Medium,REVIEW - assembly vs section count unconfirmed,False
R034,A06.04A (east),422,MIMEO FILES,WTR-500,Not supplied (no furniture schedule provided),window-related item at exterior glazing (count basis: glazing bays),glazing bay,4,,,Model not supplied,A06.04A (east),E-C77,TYP,glazing bay (pane E-W05),"E-W05, E-W06, E-W07, E-W08",E-C77: leader ends on exterior glazing pane E-W05; 4 glazing bays (panes between mullions) on this room's exterior wall,Medium,REVIEW - unit of measure unconfirmed,False
R035,A06.04A (east),423,DEPARTMENT 2,CC-900,Not supplied (no furniture schedule provided),individual units (stacked group),each,9,,,Model not supplied,A06.04A (east),E-C71,no,CC-1 (13x9 pt),"E-T063, E-T064, E-T065, E-T066, E-T067, E-T068, E-T069, E-T070, E-T071",E-C71: leader ends inside CC-1 piece outline (0.1 pt from edge); 9 x CC-1 found in room by in-symbol tag,High,Plan count checked; awaiting model comparison,False
R036,A06.04A (east),423,DEPARTMENT 2,MFN-400,Not supplied (no furniture schedule provided),individual piece,each,1,,,Model not supplied,A06.04A (east),E-C66,no,S-5 (15x15 pt),E-T025,E-C66: leader ends inside S-5 piece outline (4.3 pt from edge); 1 x S-5 found in room by in-symbol tag,High,Plan count checked; awaiting model comparison,False
R037,A06.04A (east),423,DEPARTMENT 2,WTR-500,Not supplied (no furniture schedule provided),window-related item at exterior glazing (count basis: glazing bays),glazing bay,4,,,Model not supplied,A06.04A (east),E-C79,TYP,glazing bay (pane E-W09),"E-W09, E-W10, E-W11, E-W12",E-C79: leader ends on exterior glazing pane E-W09; 4 glazing bays (panes between mullions) on this room's exterior wall; bays shared with adjoining room: E-W12,Medium,REVIEW - unit of measure unconfirmed,False
R038,A06.04A (east),424,PROCURMENT OFFICER,MFN-305,Not supplied (no furniture schedule provided),individual piece,each,1,,,Model not supplied,A06.04A (east),E-C73,no,T-5 (15x15 pt),E-T058,E-C73: leader ends 0.1 pt from T-5 piece mask; 1 x T-5 found in room by in-symbol tag,High,Plan count checked; awaiting model comparison,False
R039,A06.04A (east),424,PROCURMENT OFFICER,MFN-400,Not supplied (no furniture schedule provided),individual piece,each,1,,,Model not supplied,A06.04A (east),E-C65,no,S-5 (20x20 pt),E-T027,E-C65: leader ends 0.4 pt from S-5 piece mask; 1 x S-5 found in room by in-symbol tag (1 rotated: size not compared),High,Plan count checked; awaiting model comparison,False
R040,A06.04A (east),424,PROCURMENT OFFICER,MFN-401,Not supplied (no furniture schedule provided),individual piece,each,2,,,Model not supplied,A06.04A (east),E-C70,no,S-2 (18x18 pt),"E-T059, E-T060",E-C70: leader ends inside S-2 piece outline (4.0 pt from edge); 2 x S-2 found in room by in-symbol tag,High,Plan count checked; awaiting model comparison,False
R041,A06.04A (east),424,PROCURMENT OFFICER,WTR-500,Not supplied (no furniture schedule provided),window-related item at exterior glazing (count basis: glazing bays),glazing bay,2,,,Model not supplied,A06.04A (east),E-C78,TYP,glazing bay (pane E-W15),"E-W13, E-W15",E-C78: leader ends on exterior glazing pane E-W15; 2 glazing bays (panes between mullions) on this room's exterior wall,Medium,REVIEW - unit of measure unconfirmed,False
R042,A06.04A (east),427,CLASS ROOM,MFN-312,Not supplied (no furniture schedule provided),individual piece,each,2,,,Model not supplied,A06.04A (east),E-C54,no,T-1 (36x18 pt),"E-T074, E-T147","E-C54: leader ends inside S-10 piece outline (0.1 pt from edge); 2 x T-1 found in room by in-symbol tag | Endpoint lies on the shared edge of S-10 and T-1. S-10 in this room is already tagged MFN-415, so T-1 is adopted as the probable target.",Low,REVIEW - probable target adopted by rule,True
R043,A06.04A (east),427,CLASS ROOM,MFN-313,Not supplied (no furniture schedule provided),individual piece,each,2,,,Model not supplied,A06.04A (east),E-C62,no,T-8 (18x18 pt),"E-T091, E-T148",E-C62: leader ends inside T-8 piece outline (5.0 pt from edge); 2 x T-8 found in room by in-symbol tag (2 rotated: size not compared),High,Plan count checked; awaiting model comparison,True
R044,A06.04A (east),427,CLASS ROOM,MFN-314,Not supplied (no furniture schedule provided),individual piece,each,1,,,Model not supplied,A06.04A (east),E-C43,no,D-11.2 (23x40 pt),E-T142,E-C43: leader ends 0.1 pt from D-11.2 piece mask; 1 x D-11.2 found in room by in-symbol tag,High,Plan count checked; awaiting model comparison,True
R045,A06.04A (east),427,CLASS ROOM,MFN-315,Not supplied (no furniture schedule provided),individual piece,each,1,,,Model not supplied,A06.04A (east),E-C74,no,D-4.1A (15x30 pt),E-T143,E-C74: leader ends inside D-4.1A piece outline (5.9 pt from edge); 1 x D-4.1A found in room by in-symbol tag,High,Plan count checked; awaiting model comparison,True
R046,A06.04A (east),427,CLASS ROOM,MFN-316,Not supplied (no furniture schedule provided),component of a casework run sharing one outline,each,2,,,Model not supplied,A06.04A (east),E-C49,no,B-5A.4 (93x15 pt),"E-T145, E-T146",E-C49: leader ends inside B-5A.4 piece outline (4.5 pt from edge); 2 x B-5A.4 found in room by in-symbol tag,High,Plan count checked; awaiting model comparison,True
R047,A06.04A (east),427,CLASS ROOM,MFN-317,Not supplied (no furniture schedule provided),component of a casework run sharing one outline,each,1,,,Model not supplied,A06.04A (east),E-C47,no,CAB-15A.3 (93x15 pt),E-T144,E-C47: leader ends inside CAB-15A.3 piece outline (0.1 pt from edge); 1 x CAB-15A.3 found in room by in-symbol tag,High,Plan count checked; awaiting model comparison,True
R048,A06.04A (east),427,CLASS ROOM,MFN-400,Not supplied (no furniture schedule provided),individual piece,each,1,,,Model not supplied,A06.04A (east),E-C45,no,S-5 (12x15 pt),E-T026,E-C45: leader ends 0.2 pt from S-5 piece mask; 1 x S-5 found in room by in-symbol tag,High,Plan count checked; awaiting model comparison,True
R049,A06.04A (east),427,CLASS ROOM,MFN-415,Not supplied (no furniture schedule provided),individual piece,each,20,,,Model not supplied,A06.04A (east),"E-C53, E-C64",no,S-10 (12x12 pt); S-10 (9x7 pt),"E-T075, E-T076, E-T077, E-T078, E-T079, E-T080, E-T081, E-T082, E-T083, E-T084, E-T085, E-T086, E-T087, E-T088, E-T089, E-T090, E-T092, E-T093, E-T094, E-T095",E-C53: leader ends 0.4 pt from S-10 piece mask; 20 x S-10 found in room by in-symbol tag (8 rotated: size not compared) (12 from joined text strings split per tag) | E-C64: leader ends 0.9 pt from S-10 piece mask; 20 x S-10 found in room by in-symbol tag (8 rotated: size not compared) (12 from joined text strings split per tag),High,Plan count checked; awaiting model comparison,True
R050,A06.04A (east),427,CLASS ROOM,MFN-416,Not supplied (no furniture schedule provided),individual piece,each,2,,,Model not supplied,A06.04A (east),E-C69,no,S-14 (7x10 pt),"E-T072, E-T073",E-C69: leader ends 0.3 pt from S-14 piece mask; 2 x S-14 found in room by in-symbol tag,High,Plan count checked; awaiting model comparison,True
R051,A06.04A (east),429,RESTROOM,RR-702,Not supplied (no furniture schedule provided),wall-mounted item,each,1,,,Model not supplied,A06.04A (east),E-C48,no,wall-mounted bar 14 pt (E-A05),E-A05,E-C48: leader ends on wall E-A05; heavy-outlined thin symbol on the 429 face (drawn on wall face; open side +x clears wall at 0.5 pt; first room region on that side); 1 matching symbol(s) in room,Medium,REVIEW - see evidence,False
R052,A06.04A (east),431,LUNCH ROOM,DIN-301,Not supplied (no furniture schedule provided),individual piece,each,4,,,Model not supplied,A06.04A (east),E-C63,TYP,T-16 (24x55 pt),"E-T096, E-T097, E-T098, E-T099",E-C63: leader (TYP) ends 0.0 pt from T-16 piece mask; 4 x T-16 found in room by in-symbol tag,High,Plan count checked; awaiting model comparison,True
R053,A06.04A (east),431,LUNCH ROOM,DIN-400,Not supplied (no furniture schedule provided),individual piece,each,24,,,Model not supplied,A06.04A (east),E-C61,TYP,S-18 (14x16 pt),"E-T100, E-T101, E-T102, E-T103, E-T104, E-T105, E-T106, E-T107, E-T108, E-T109, E-T110, E-T111, E-T112, E-T113, E-T114, E-T115, E-T116, E-T117, E-T118, E-T119, E-T120, E-T121, E-T122, E-T123",E-C61: leader (TYP) ends 0.6 pt from S-18 piece mask; 24 x S-18 found in room by in-symbol tag,High,Plan count checked; awaiting model comparison,True
R054,A06.04A (east),431,LUNCH ROOM,WTR-500,Not supplied (no furniture schedule provided),window-related item at exterior glazing (count basis: glazing bays),glazing bay,6,,,Model not supplied,A06.04A (east),E-C76,TYP,glazing bay (pane E-W26),"E-W22, E-W23, E-W24, E-W25, E-W26, E-W27",E-C76: leader ends on exterior glazing pane E-W26; 6 glazing bays (panes between mullions) on this room's exterior wall,Medium,REVIEW - unit of measure unconfirmed,True
R055,A06.04A (east),433B,CENTRAL FILES,HDF-900,Not supplied (no furniture schedule provided),multi-part assembly (bank of sections),system (assembly),1,,,Model not supplied,A06.04A (east),E-C59,no,filing/shelving bank with F-1 tag E-T136,E-T136,E-C59: leader ends on a hexagon-pattern section; bank carries in-symbol tag F-1 (E-T136) - one system in room,Medium,REVIEW - assembly vs section count unconfirmed,False
R056,A06.04A (east),433B,CENTRAL FILES,MFN-323,Not supplied (no furniture schedule provided),individual piece,each,3,,,Model not supplied,A06.04A (east),E-C68,TYP,D-8.1 (40x23 pt),"E-T124, E-T127, E-T149",E-C68: leader (TYP) ends inside D-8.1 piece outline (7.3 pt from edge); 3 x D-8.1 found in room by in-symbol tag; excluded same-tag different size: E-T126 (size differs (40.4 vs 90.2 pt)),High,Plan count checked; awaiting model comparison,False
R057,A06.04A (east),433B,CENTRAL FILES,MFN-326,Not supplied (no furniture schedule provided),individual piece,each,1,,,Model not supplied,A06.04A (east),E-C58,no,D-8.1 (90x23 pt),E-T126,"E-C58: leader ends inside D-8.1 piece outline (0.1 pt from edge); 1 x D-8.1 found in room by in-symbol tag; excluded same-tag different size: E-T124 (size differs (90.2 vs 40.4 pt)), E-T127 (size differs (90.2 vs 40.4 pt)), E-T149 (size differs (90.2 vs 40.6 pt))",High,Plan count checked; awaiting model comparison,False
R058,A06.04A (east),433B,CENTRAL FILES,MFN-400,Not supplied (no furniture schedule provided),individual piece,each,3,,,Model not supplied,A06.04A (east),E-C60,TYP.,S-5 (15x15 pt),"E-T028, E-T029, E-T030",E-C60: leader (TYP.) ends inside S-5 piece outline (0.0 pt from edge); 3 x S-5 found in room by in-symbol tag,High,Plan count checked; awaiting model comparison,False
R059,A06.04A (east),433B,CENTRAL FILES,WTR-500,Not supplied (no furniture schedule provided),window-related item at exterior glazing (count basis: glazing bays),glazing bay,8,,,Model not supplied,A06.04A (east),E-C75,TYP,glazing bay (pane E-W34),"E-W28, E-W29, E-W30, E-W31, E-W32, E-W33, E-W34, E-W35",E-C75: leader ends on exterior glazing pane E-W34; 8 glazing bays (panes between mullions) on this room's exterior wall,Medium,REVIEW - unit of measure unconfirmed,False
R060,A06.04A (east),452,BOOKSTOCKS,MFN-400,Not supplied (no furniture schedule provided),individual piece,each,1,,,Model not supplied,A06.04A (east),E-C27,no,S-5 (15x15 pt),E-T002,E-C27: leader ends 0.0 pt from S-5 piece mask; 1 x S-5 found in room by in-symbol tag,High,Plan count checked; awaiting model comparison,False
R061,A06.04A (east),452,BOOKSTOCKS,WTR-500,Not supplied (no furniture schedule provided),window-related item at exterior glazing (count basis: glazing bays),glazing bay,3,,,Model not supplied,A06.04A (east),E-C06,TYP,glazing bay (pane E-W66),"E-W64, E-W65, E-W66",E-C06: leader ends on exterior glazing pane E-W66; 3 glazing bays (panes between mullions) on this room's exterior wall,Medium,REVIEW - unit of measure unconfirmed,False
R062,A06.04A (east),453,PROMOTION & MARKETING,CC-900,Not supplied (no furniture schedule provided),individual units (stacked group),each,3,,,Model not supplied,A06.04A (east),E-C38,no,CC-1 (9x13 pt),"E-T129, E-T130, E-T131",E-C38: leader ends inside CC-1 piece outline (0.1 pt from edge); 3 x CC-1 found in room by in-symbol tag (3 from joined text strings split per tag),High,Plan count checked; awaiting model comparison,True
R063,A06.04A (east),453,PROMOTION & MARKETING,MFN-400,Not supplied (no furniture schedule provided),individual piece,each,5,,,Model not supplied,A06.04A (east),"E-C07, E-C10",TYP,S-5 (15x15 pt),"E-T003, E-T004, E-T005, E-T006, E-T007",E-C07: leader (TYP) ends 0.1 pt from S-5 piece mask; 5 x S-5 found in room by in-symbol tag (1 rotated: size not compared) | E-C10: leader (TYP) ends 0.1 pt from S-5 piece mask; 5 x S-5 found in room by in-symbol tag (1 rotated: size not compared),High,Plan count checked; awaiting model comparison,True
R064,A06.04A (east),453,PROMOTION & MARKETING,MFN-402,Not supplied (no furniture schedule provided),individual piece,each,2,,,Model not supplied,A06.04A (east),E-C22,TYP,S-9 (14x15 pt),"E-T031, E-T128",E-C22: leader (TYP) ends 0.0 pt from S-9 piece mask; 2 x S-9 found in room by in-symbol tag,High,Plan count checked; awaiting model comparison,True
R065,A06.04A (east),453,PROMOTION & MARKETING,WTR-500,Not supplied (no furniture schedule provided),window-related item at exterior glazing (count basis: glazing bays),glazing bay,10,,,Model not supplied,A06.04A (east),E-C11,TYP,glazing bay (pane E-W48),"E-W44, E-W45, E-W46, E-W47, E-W48, E-W49, E-W50, E-W67, E-W68, E-W69",E-C11: leader ends on exterior glazing pane E-W48; 10 glazing bays (panes between mullions) on this room's exterior wall; bays shared with adjoining room: E-W50,Medium,REVIEW - unit of measure unconfirmed,True
R066,A06.04A (east),456,TREASURY,CC-900,Not supplied (no furniture schedule provided),individual units (stacked group),each,3,,,Model not supplied,A06.04A (east),E-C42,no,CC-1 (14x9 pt),"E-T132, E-T133, E-T134",E-C42: leader ends inside CC-1 piece outline (0.1 pt from edge); 3 x CC-1 found in room by in-symbol tag (3 from joined text strings split per tag),High,Plan count checked; awaiting model comparison,False
R067,A06.04A (east),456,TREASURY,EQP-900,Not supplied (no furniture schedule provided),individual piece,each,1,,,Model not supplied,A06.04A (east),E-C13,no,E-5 (13x14 pt),E-T135,E-C13: leader ends inside E-5 piece outline (0.0 pt from edge); 1 x E-5 found in room by in-symbol tag,High,Plan count checked; awaiting model comparison,False
R068,A06.04A (east),456,TREASURY,HDF-900,Not supplied (no furniture schedule provided),multi-part assembly (bank of sections),system (assembly),1,,,Model not supplied,A06.04A (east),E-C35,no,filing/shelving bank with F-1 tag E-T137,E-T137,E-C35: leader ends on a hexagon-pattern section; bank carries in-symbol tag F-1 (E-T137) - one system in room,Medium,REVIEW - assembly vs section count unconfirmed,False
R069,A06.04A (east),456,TREASURY,MFN-400,Not supplied (no furniture schedule provided),individual piece,each,4,,,Model not supplied,A06.04A (east),"E-C02, E-C15","TYP, no",S-5 (15x15 pt),"E-T008, E-T009, E-T010, E-T011",E-C02: leader ends 0.2 pt from S-5 piece mask; 4 x S-5 found in room by in-symbol tag | E-C15: leader (TYP) ends 0.1 pt from S-5 piece mask; 4 x S-5 found in room by in-symbol tag,High,Plan count checked; awaiting model comparison,False
R070,A06.04A (east),456,TREASURY,MFN-402,Not supplied (no furniture schedule provided),individual piece,each,2,,,Model not supplied,A06.04A (east),E-C01,TYP,S-9 (15x14 pt),"E-T032, E-T033",E-C01: leader (TYP) ends 1.5 pt from S-9 piece mask; 2 x S-9 found in room by in-symbol tag,High,Plan count checked; awaiting model comparison,False
R071,A06.04A (east),456,TREASURY,WTR-500,Not supplied (no furniture schedule provided),window-related item at exterior glazing (count basis: glazing bays),glazing bay,7,,,Model not supplied,A06.04A (east),E-C12,TYP,glazing bay (pane E-W54),"E-W51, E-W52, E-W53, E-W54, E-W55, E-W56, E-W57",E-C12: leader ends on exterior glazing pane E-W54; 7 glazing bays (panes between mullions) on this room's exterior wall; bays shared with adjoining room: E-W57,Medium,REVIEW - unit of measure unconfirmed,False
R072,A06.04A (east),457,MEN'S RR,RR-700,Not supplied (no furniture schedule provided),wall-mounted item,each,1,,,Model not supplied,A06.04A (east),E-C39,no,wall-mounted bar 23 pt (E-A04),E-A04,E-C39: leader ends on wall E-A04; heavy-outlined thin symbol on the 457 face (drawn on wall face; open side +y clears wall at 0.5 pt; first room region on that side); 1 matching symbol(s) in room,Medium,REVIEW - see evidence,False
R073,A06.04A (east),457,MEN'S RR,RR-702,Not supplied (no furniture schedule provided),wall-mounted item,each,1,,,Model not supplied,A06.04A (east),E-C33,no,wall-mounted bar 14 pt (E-A03),E-A03,E-C33: leader ends on wall E-A03; heavy-outlined thin symbol on the 457 face (drawn on wall face; open side +x clears wall at 0.8 pt; first room region on that side); 1 matching symbol(s) in room,Medium,REVIEW - see evidence,False
R074,A06.04A (east),460,WOMEN'S RR,RR-701,Not supplied (no furniture schedule provided),wall-mounted item,each,1,,,Model not supplied,A06.04A (east),E-C40,no,wall-mounted bar 59 pt (E-A02),E-A02,E-C40: leader ends on wall E-A02; heavy-outlined thin symbol on the 460 face (drawn on wall face; open side +y clears wall at 0.5 pt; first room region on that side); 1 matching symbol(s) in room,Medium,REVIEW - see evidence,False
R075,A06.04A (east),460,WOMEN'S RR,RR-702,Not supplied (no furniture schedule provided),wall-mounted item,each,1,,,Model not supplied,A06.04A (east),E-C34,no,wall-mounted bar 14 pt (E-A06),E-A06,E-C34: leader ends on wall E-A06; heavy-outlined thin symbol on the 460 face (drawn on wall face; open side -y clears wall at 1.2 pt; first room region on that side); 1 matching symbol(s) in room,Medium,REVIEW - see evidence,False
R076,A06.04B (west),433A,CENTRAL FILES,MFN-301,Not supplied (no furniture schedule provided),individual piece,each,12,,,Model not supplied,A06.04B (west),W-C36,TYP,D-13 (22x36 pt),"W-T082, W-T083, W-T084, W-T085, W-T086, W-T087, W-T088, W-T089, W-T090, W-T091, W-T092, W-T093",W-C36: leader (TYP) ends inside D-13 piece outline (0.1 pt from edge); 12 x D-13 found in room by in-symbol tag,High,Plan count checked; awaiting model comparison,False
R077,A06.04B (west),433A,CENTRAL FILES,MFN-320,Not supplied (no furniture schedule provided),individual piece,each,8,,,Model not supplied,A06.04B (west),W-C38,TYP,B-11.3 (9x22 pt),"W-T074, W-T075, W-T076, W-T077, W-T078, W-T079, W-T080, W-T081",W-C38: leader (TYP) ends inside B-11.3 piece outline (0.1 pt from edge); 8 x B-11.3 found in room by in-symbol tag,High,Plan count checked; awaiting model comparison,False
R078,A06.04B (west),433A,CENTRAL FILES,MFN-323,Not supplied (no furniture schedule provided),individual piece,each,1,,,Model not supplied,A06.04B (west),W-C39,no,D-8.1 (23x95 pt),W-T073,W-C39: leader ends inside D-8.1 piece outline (0.1 pt from edge); 1 x D-8.1 found in room by in-symbol tag,High,Plan count checked; awaiting model comparison,False
R079,A06.04B (west),433A,CENTRAL FILES,MFN-325,Not supplied (no furniture schedule provided),individual piece,each,1,,,Model not supplied,A06.04B (west),W-C40,no,O-3 (9x40 pt),W-T071,W-C40: leader ends inside O-3 piece outline (0.1 pt from edge); 1 x O-3 found in room by in-symbol tag | Endpoint lies on the shared edge of O-1 and O-3; no drawing evidence separates them.,Low,UNRESOLVED - endpoint ambiguous; confirm target,False
R080,A06.04B (west),433A,CENTRAL FILES,MFN-400,Not supplied (no furniture schedule provided),individual piece,each,12,,,Model not supplied,A06.04B (west),W-C35,TYP,S-5 (14x15 pt),"W-T059, W-T060, W-T061, W-T062, W-T063, W-T064, W-T065, W-T066, W-T067, W-T068, W-T069, W-T070",W-C35: leader (TYP) ends inside S-5 piece outline (4.0 pt from edge); 12 x S-5 found in room by in-symbol tag,High,Plan count checked; awaiting model comparison,False
R081,A06.04B (west),433A,CENTRAL FILES,WTR-500,Not supplied (no furniture schedule provided),window-related item at exterior glazing (count basis: glazing bays),glazing bay,8,,,Model not supplied,A06.04B (west),W-C37,TYP,glazing bay (pane W-W13),"W-W10, W-W11, W-W12, W-W13, W-W14, W-W15, W-W16, W-W17",W-C37: leader ends on exterior glazing pane W-W13; 8 glazing bays (panes between mullions) on this room's exterior wall,Medium,REVIEW - unit of measure unconfirmed,False
R082,A06.04B (west),436,ESTATES MANAGER,MFN-400,Not supplied (no furniture schedule provided),individual piece,each,2,,,Model not supplied,A06.04B (west),W-C42,TYP,S-5 (15x15 pt),"W-T055, W-T056",W-C42: leader (TYP) ends 0.1 pt from S-5 piece mask; 2 x S-5 found in room by in-symbol tag,High,Plan count checked; awaiting model comparison,False
R083,A06.04B (west),436,ESTATES MANAGER,MFN-417,Not supplied (no furniture schedule provided),individual piece,each,1,,,Model not supplied,A06.04B (west),W-C46,no,S-14 (18x12 pt),W-T057,W-C46: leader ends inside S-14 piece outline (0.0 pt from edge); 1 x S-14 found in room by in-symbol tag,High,Plan count checked; awaiting model comparison,False
R084,A06.04B (west),436,ESTATES MANAGER,MFN-900,Not supplied (no furniture schedule provided),individual piece,each,1,,,Model not supplied,A06.04B (west),W-C48,no,T-11 (72x22 pt),W-T058,W-C48: leader ends inside T-11 piece outline (10.9 pt from edge); 1 x T-11 found in room by in-symbol tag,High,Plan count checked; awaiting model comparison,False
R085,A06.04B (west),436,ESTATES MANAGER,WTR-500,Not supplied (no furniture schedule provided),window-related item at exterior glazing (count basis: glazing bays),glazing bay,6,,,Model not supplied,A06.04B (west),W-C44,TYP,glazing bay (pane W-W20),"W-W18, W-W19, W-W20, W-W21, W-W22, W-W23",W-C44: leader ends on exterior glazing pane W-W20; 6 glazing bays (panes between mullions) on this room's exterior wall; bays shared with adjoining room: W-W18,Medium,REVIEW - unit of measure unconfirmed,False
R086,A06.04B (west),437,ESTO INTERVIEW,AUD-300.1LF,Not supplied (no furniture schedule provided),multi-part assembly (D-6+F+L),assembly,1,,,Model not supplied,A06.04B (west),W-C34,no,D-6+F+L assembly,W-S01,W-C34: leader ends on D-6 (W-T094) which is part of desk assembly W-S01; 1 assembly of D-6+F+L in room,High,Plan count checked; awaiting model comparison,False
R087,A06.04B (west),437,ESTO INTERVIEW,AUD-320,Not supplied (no furniture schedule provided),individual piece,each,2,,,Model not supplied,A06.04B (west),W-C41,no,B-5A.4 (9x27 pt),"W-T097, W-T098",W-C41: leader ends inside B-5A.4 piece outline (0.1 pt from edge); 2 x B-5A.4 found in room by in-symbol tag,High,Plan count checked; awaiting model comparison,False
R088,A06.04B (west),437,ESTO INTERVIEW,AUD-321,Not supplied (no furniture schedule provided),individual piece,each,1,,,Model not supplied,A06.04B (west),W-C45,no,D-3 (45x13 pt),W-T099,W-C45: leader ends inside D-3 piece outline (0.0 pt from edge); 1 x D-3 found in room by in-symbol tag,High,Plan count checked; awaiting model comparison,False
R089,A06.04B (west),437,ESTO INTERVIEW,MFN-400,Not supplied (no furniture schedule provided),individual piece,each,1,,,Model not supplied,A06.04B (west),W-C43,no,S-5 (15x15 pt),W-T053,W-C43: leader ends inside S-5 piece outline (0.1 pt from edge); 1 x S-5 found in room by in-symbol tag,High,Plan count checked; awaiting model comparison,False
R090,A06.04B (west),437,ESTO INTERVIEW,MFN-402,Not supplied (no furniture schedule provided),individual piece,each,1,,,Model not supplied,A06.04B (west),W-C31,no,S-9 (14x15 pt),W-T054,W-C31: leader ends 0.0 pt from S-9 piece mask; 1 x S-9 found in room by in-symbol tag,High,Plan count checked; awaiting model comparison,False
R091,A06.04B (west),437,ESTO INTERVIEW,WTR-500,Not supplied (no furniture schedule provided),window-related item at exterior glazing (count basis: glazing bays),glazing bay,3,,,Model not supplied,A06.04B (west),W-C47,TYP,glazing bay (pane W-W26),"W-W24, W-W25, W-W26",W-C47: leader ends on exterior glazing pane W-W26; 3 glazing bays (panes between mullions) on this room's exterior wall,Medium,REVIEW - unit of measure unconfirmed,False
R092,A06.04B (west),438,ESTO NW OFFICE,MFN-400,Not supplied (no furniture schedule provided),individual piece,each,3,,,Model not supplied,A06.04B (west),W-C32,TYP,S-5 (15x15 pt),"W-T050, W-T051, W-T052",W-C32: leader (TYP) ends inside S-5 piece outline (3.4 pt from edge); 3 x S-5 found in room by in-symbol tag,High,Plan count checked; awaiting model comparison,False
R093,A06.04B (west),438,ESTO NW OFFICE,WTR-500,Not supplied (no furniture schedule provided),window-related item at exterior glazing (count basis: glazing bays),glazing bay,7,,,Model not supplied,A06.04B (west),W-C33,TYP,glazing bay (pane W-W07),"W-W05, W-W06, W-W07, W-W08, W-W09, W-W27, W-W28",W-C33: leader ends on exterior glazing pane W-W07; 7 glazing bays (panes between mullions) on this room's exterior wall,Medium,REVIEW - unit of measure unconfirmed,False
R094,A06.04B (west),439,LRH COMM,MFN-400,Not supplied (no furniture schedule provided),individual piece,each,1,,,Model not supplied,A06.04B (west),W-C29,no,S-5 (15x15 pt),W-T043,W-C29: leader ends 0.0 pt from S-5 piece mask; 1 x S-5 found in room by in-symbol tag,High,Plan count checked; awaiting model comparison,False
R095,A06.04B (west),439,LRH COMM,MFN-402,Not supplied (no furniture schedule provided),individual piece,each,2,,,Model not supplied,A06.04B (west),W-C30,TYP,S-9 (15x14 pt),"W-T044, W-T045",W-C30: leader (TYP) ends inside S-9 piece outline (3.0 pt from edge); 2 x S-9 found in room by in-symbol tag,High,Plan count checked; awaiting model comparison,False
R096,A06.04B (west),439,LRH COMM,WTR-500,Not supplied (no furniture schedule provided),window-related item at exterior glazing (count basis: glazing bays),glazing bay,2,,,Model not supplied,A06.04B (west),W-C27,TYP,glazing bay (pane W-W03),"W-W03, W-W04",W-C27: leader ends on exterior glazing pane W-W03; 2 glazing bays (panes between mullions) on this room's exterior wall,Medium,REVIEW - unit of measure unconfirmed,False
R097,A06.04B (west),440,EXEC ESTO,MFN-400,Not supplied (no furniture schedule provided),individual piece,each,1,,,Model not supplied,A06.04B (west),W-C26,no,S-5 (15x15 pt),W-T046,W-C26: leader ends 0.2 pt from S-5 piece mask; 1 x S-5 found in room by in-symbol tag | Open-plan room (boundary inferred at narrowest opening); all counted items are at least 10 pt from the split line.,High,Plan count checked; awaiting model comparison,False
R098,A06.04B (west),440,EXEC ESTO,MFN-402,Not supplied (no furniture schedule provided),individual piece,each,1,,,Model not supplied,A06.04B (west),W-C28,no,S-9 (15x14 pt),W-T047,W-C28: leader ends inside S-9 piece outline (3.7 pt from edge); 1 x S-9 found in room by in-symbol tag | Open-plan room (boundary inferred at narrowest opening); all counted items are at least 10 pt from the split line.,High,Plan count checked; awaiting model comparison,False
R099,A06.04B (west),442,FINANCE OFFICE,EQP-900,Not supplied (no furniture schedule provided),individual piece,each,1,,,Model not supplied,A06.04B (west),W-C49,no,E-5 (13x14 pt),W-T102,W-C49: leader ends inside E-5 piece outline (0.1 pt from edge); 1 x E-5 found in room by in-symbol tag | Open-plan room (boundary inferred at narrowest opening); all counted items are at least 10 pt from the split line.,High,Plan count checked; awaiting model comparison,False
R100,A06.04B (west),442,FINANCE OFFICE,MFN-400,Not supplied (no furniture schedule provided),individual piece,each,2,,,Model not supplied,A06.04B (west),W-C25,TYP,S-5 (15x15 pt),"W-T048, W-T049",W-C25: leader (TYP) ends 0.2 pt from S-5 piece mask; 2 x S-5 found in room by in-symbol tag | Open-plan room (boundary inferred at narrowest opening); all counted items are at least 10 pt from the split line.,High,Plan count checked; awaiting model comparison,False
R101,A06.04B (west),443,EXECUTIVES OFFICE,CC-900,Not supplied (no furniture schedule provided),individual units (stacked group),each,3,,,Model not supplied,A06.04B (west),W-C18,TYP,CC-1 (14x9 pt),"W-T017, W-T018, W-T019",W-C18: leader (TYP) ends inside CC-1 piece outline (0.0 pt from edge); 3 x CC-1 found in room by in-symbol tag | Open-plan room (boundary inferred at narrowest opening); all counted items are at least 10 pt from the split line.,High,Plan count checked; awaiting model comparison,True
R102,A06.04B (west),443,EXECUTIVES OFFICE,MFN-400,Not supplied (no furniture schedule provided),individual piece,each,8,,,Model not supplied,A06.04B (west),W-C20,TYP,S-5 (15x15 pt),"W-T035, W-T036, W-T037, W-T038, W-T039, W-T040, W-T041, W-T042",W-C20: leader (TYP) ends inside S-5 piece outline (0.1 pt from edge); 8 x S-5 found in room by in-symbol tag | Open-plan room (boundary inferred at narrowest opening); all counted items are at least 10 pt from the split line.,High,Plan count checked; awaiting model comparison,True
R103,A06.04B (west),443,EXECUTIVES OFFICE,WTR-500,Not supplied (no furniture schedule provided),window-related item at exterior glazing (count basis: glazing bays),glazing bay,3,,,Model not supplied,A06.04B (west),W-C22,TYP,glazing bay (pane W-W01),"W-W01, W-W02, W-W49",W-C22: leader ends on exterior glazing pane W-W01; 3 glazing bays (panes between mullions) on this room's exterior wall,Medium,REVIEW - unit of measure unconfirmed,True
R104,A06.04B (west),444,EXECUTIVE DIRECTOR DAY,MFN-400,Not supplied (no furniture schedule provided),individual piece,each,2,,,Model not supplied,A06.04B (west),W-C12,TYP,S-5 (15x15 pt),"W-T001, W-T004",W-C12: leader (TYP) ends inside S-5 piece outline (1.2 pt from edge); 2 x S-5 found in room by in-symbol tag | Open-plan room (boundary inferred at narrowest opening); all counted items are at least 10 pt from the split line.,High,Plan count checked; awaiting model comparison,False
R105,A06.04B (west),444,EXECUTIVE DIRECTOR DAY,MFN-402,Not supplied (no furniture schedule provided),individual piece,each,2,,,Model not supplied,A06.04B (west),W-C08,TYP,S-9 (15x14 pt),"W-T002, W-T003",W-C08: leader (TYP) ends 1.5 pt from S-9 piece mask; 2 x S-9 found in room by in-symbol tag | Open-plan room (boundary inferred at narrowest opening); all counted items are at least 10 pt from the split line.,High,Plan count checked; awaiting model comparison,False
R106,A06.04B (west),444,EXECUTIVE DIRECTOR DAY,WTR-500,Not supplied (no furniture schedule provided),window-related item at exterior glazing (count basis: glazing bays),glazing bay,3,,,Model not supplied,A06.04B (west),W-C06,TYP,glazing bay (pane W-W29),"W-W29, W-W30, W-W31",W-C06: leader ends on exterior glazing pane W-W29; 3 glazing bays (panes between mullions) on this room's exterior wall; bays shared with adjoining room: W-W31,Medium,REVIEW - unit of measure unconfirmed,False
R107,A06.04B (west),445,DIRECTOR FOUNDATION,MFN-400,Not supplied (no furniture schedule provided),individual piece,each,2,,,Model not supplied,A06.04B (west),W-C07,TYP,S-5 (15x15 pt),"W-T005, W-T006",W-C07: leader (TYP) ends 0.1 pt from S-5 piece mask; 2 x S-5 found in room by in-symbol tag,High,Plan count checked; awaiting model comparison,False
R108,A06.04B (west),445,DIRECTOR FOUNDATION,MFN-402,Not supplied (no furniture schedule provided),individual piece,each,2,,,Model not supplied,A06.04B (west),W-C10,TYP,S-9 (15x14 pt),"W-T007, W-T008",W-C10: leader (TYP) ends 1.5 pt from S-9 piece mask; 2 x S-9 found in room by in-symbol tag,High,Plan count checked; awaiting model comparison,False
R109,A06.04B (west),445,DIRECTOR FOUNDATION,WTR-500,Not supplied (no furniture schedule provided),window-related item at exterior glazing (count basis: glazing bays),glazing bay,3,,,Model not supplied,A06.04B (west),W-C05,TYP,glazing bay (pane W-W32),"W-W32, W-W33, W-W34",W-C05: leader ends on exterior glazing pane W-W32; 3 glazing bays (panes between mullions) on this room's exterior wall; bays shared with adjoining room: W-W34,Medium,REVIEW - unit of measure unconfirmed,False
R110,A06.04B (west),446,FLAG REP,MFN-400,Not supplied (no furniture schedule provided),individual piece,each,1,,,Model not supplied,A06.04B (west),W-C14,no,S-5 (15x15 pt),W-T010,W-C14: leader ends 0.2 pt from S-5 piece mask; 1 x S-5 found in room by in-symbol tag,High,Plan count checked; awaiting model comparison,False
R111,A06.04B (west),446,FLAG REP,MFN-402,Not supplied (no furniture schedule provided),individual piece,each,1,,,Model not supplied,A06.04B (west),W-C13,no,S-9 (15x14 pt),W-T009,W-C13: leader ends 1.5 pt from S-9 piece mask; 1 x S-9 found in room by in-symbol tag,High,Plan count checked; awaiting model comparison,False
R112,A06.04B (west),447,CONFERENCE ROOM,MFN-414,Not supplied (no furniture schedule provided),component of a casework run sharing one outline,each,8,,,Model not supplied,A06.04B (west),W-C03,TYP,S-6,"W-T011, W-T012, W-T013, W-T014, W-T015, W-T016, W-T100, W-T101",W-C03: leader (TYP) ends no tagged mask at endpoint; nearest in-symbol tag S-6 at 7.6 pt; 8 x S-6 found in room by in-symbol tag,Medium,REVIEW - see evidence,False
R113,A06.04B (west),447,CONFERENCE ROOM,WTR-500,Not supplied (no furniture schedule provided),window-related item at exterior glazing (count basis: glazing bays),glazing bay,5,,,Model not supplied,A06.04B (west),W-C01,TYP,glazing bay (pane W-W39),"W-W37, W-W38, W-W39, W-W40, W-W41",W-C01: leader ends on exterior glazing pane W-W39; 5 glazing bays (panes between mullions) on this room's exterior wall,Medium,REVIEW - unit of measure unconfirmed,False
R114,A06.04B (west),448,INVEST/ LEGAL,HDF-900,Not supplied (no furniture schedule provided),multi-part assembly (bank of sections; no F-1 tag),system (assembly),1,,,Model not supplied,A06.04B (west),W-C16,no,filing/shelving bank (no system tag),W-H(untagged bank),W-C16: leader ends on a hexagon-pattern section; no F-1 system tag in this room,Medium,REVIEW - assembly vs section count unconfirmed,False
R115,A06.04B (west),448,INVEST/ LEGAL,MFN-400,Not supplied (no furniture schedule provided),individual piece,each,2,,,Model not supplied,A06.04B (west),W-C09,TYP,S-5 (15x15 pt),"W-T020, W-T021",W-C09: leader (TYP) ends inside S-5 piece outline (3.1 pt from edge); 2 x S-5 found in room by in-symbol tag,High,Plan count checked; awaiting model comparison,False
R116,A06.04B (west),448,INVEST/ LEGAL,WTR-500,Not supplied (no furniture schedule provided),window-related item at exterior glazing (count basis: glazing bays),glazing bay,4,,,Model not supplied,A06.04B (west),W-C11,TYP,glazing bay (pane W-W45),"W-W42, W-W43, W-W44, W-W45",W-C11: leader ends on exterior glazing pane W-W45; 4 glazing bays (panes between mullions) on this room's exterior wall,Medium,REVIEW - unit of measure unconfirmed,False
R117,A06.04B (west),449,SOCIAL REFORM / PR,MFN-400,Not supplied (no furniture schedule provided),individual piece,each,2,,,Model not supplied,A06.04B (west),W-C04,TYP,S-5 (15x15 pt),"W-T022, W-T023",W-C04: leader (TYP) ends inside S-5 piece outline (2.9 pt from edge); 2 x S-5 found in room by in-symbol tag,High,Plan count checked; awaiting model comparison,False
R118,A06.04B (west),449,SOCIAL REFORM / PR,WTR-500,Not supplied (no furniture schedule provided),window-related item at exterior glazing (count basis: glazing bays),glazing bay,3,,,Model not supplied,A06.04B (west),W-C02,TYP,glazing bay (pane W-W46),"W-W46, W-W47, W-W48",W-C02: leader ends on exterior glazing pane W-W46; 3 glazing bays (panes between mullions) on this room's exterior wall,Medium,REVIEW - unit of measure unconfirmed,False
R119,A06.04B (west),450,DIRECTOR SPECIAL AFFAIRS,MFN-400,Not supplied (no furniture schedule provided),individual piece,each,1,,,Model not supplied,A06.04B (west),W-C24,no,S-5 (15x15 pt),W-T024,W-C24: leader ends inside S-5 piece outline (0.0 pt from edge); 1 x S-5 found in room by in-symbol tag | Open-plan room (boundary inferred at narrowest opening); all counted items are at least 10 pt from the split line.,High,Plan count checked; awaiting model comparison,False
R120,A06.04B (west),450,DIRECTOR SPECIAL AFFAIRS,MFN-401,Not supplied (no furniture schedule provided),individual piece,each,2,,,Model not supplied,A06.04B (west),W-C23,TYP,S-2 (18x18 pt),"W-T025, W-T034",W-C23: leader (TYP) ends inside S-2 piece outline (8.0 pt from edge); 2 x S-2 found in room by in-symbol tag | Open-plan room (boundary inferred at narrowest opening); all counted items are at least 10 pt from the split line.,High,Plan count checked; awaiting model comparison,False
R121,A06.04B (west),451,SPECIAL AFFAIRS,MFN-305,Not supplied (no furniture schedule provided),individual piece,each,2,,,Model not supplied,A06.04B (west),W-C17,TYP,T-5 (15x15 pt),"W-T031, W-T032",W-C17: leader (TYP) ends 0.1 pt from T-5 piece mask; 2 x T-5 found in room by in-symbol tag | Open-plan room (boundary inferred at narrowest opening); all counted items are at least 10 pt from the split line.,High,Plan count checked; awaiting model comparison,True
R122,A06.04B (west),451,SPECIAL AFFAIRS,MFN-306,Not supplied (no furniture schedule provided),individual piece,each,1,,,Model not supplied,A06.04B (west),W-C21,no,T-6 (27x36 pt),W-T033,W-C21: leader ends inside T-6 piece outline (0.0 pt from edge); 1 x T-6 found in room by in-symbol tag | Open-plan room (boundary inferred at narrowest opening); all counted items are at least 10 pt from the split line.,High,Plan count checked; awaiting model comparison,True
R123,A06.04B (west),451,SPECIAL AFFAIRS,MFN-410,Not supplied (no furniture schedule provided),individual piece,each,4,,,Model not supplied,A06.04B (west),W-C19,TYP,S-3 (21x21 pt),"W-T027, W-T028, W-T029, W-T030",W-C19: leader (TYP) ends 0.0 pt from S-3 piece mask; 4 x S-3 found in room by in-symbol tag | Open-plan room (boundary inferred at narrowest opening); all counted items are at least 10 pt from the split line.,High,Plan count checked; awaiting model comparison,True
R124,A06.04B (west),451,SPECIAL AFFAIRS,MFN-412,Not supplied (no furniture schedule provided),individual piece,each,1,,,Model not supplied,A06.04B (west),W-C15,no,S-4 (56x27 pt),W-T026,W-C15: leader ends 0.1 pt from S-4 piece mask; 1 x S-4 found in room by in-symbol tag | Open-plan room (boundary inferred at narrowest opening); all counted items are at least 10 pt from the split line.,High,Plan count checked; awaiting model comparison,True
