exception_id,severity,category,sheet,room,code,related_ids,description,recommended_action,site_check
X001,High,Inputs not supplied,,,,IFC model; tag catalog; furniture schedule,"The fourth-floor model objects, the existing tag catalog and any furniture schedule were not included with the request. Model quantities, differences, GlobalIds and code descriptions are therefore blank; room links were re-derived from the drawings instead of re-checked against the catalog.",Provide the IFC (or export) and the catalog; run tools/ifc_inventory.py and tools/compare_model.py.,
X002,High,Leader endpoint on shared edge (probable target adopted),A06.04A (east),427,MFN-312,E-C54,"Endpoint lies on the shared edge of S-10 and T-1. S-10 in this room is already tagged MFN-415, so T-1 is adopted as the probable target.","Designer to confirm; if the code applies to the chairs instead, merge with the other code or split quantities.",
X003,High,Unresolved leader endpoint,A06.04B (west),433A,MFN-325,"W-C40 -> W-T071, W-T072",Endpoint lies on the shared edge of O-1 and O-3; no drawing evidence separates them. Quantity reported as 1 (one piece under the dot) with the target unconfirmed.,Designer to confirm which piece the code applies to; site/photo check of the unit.,
X004,Review,Curved facade glazing not counted,A06.04A (east),413-417,WTR-500?,curved exterior wall,"The curved exterior wall of ADMIN 413, E/O 414-416 and CHIEF ETHICS OFFICER 417 is drawn as arcs without individual glazing panes, and no WTR leader points to it; window bays there were not counted.",Confirm whether WTR-500 applies to the curved facade and how many units (schedule / site check).,Yes
X005,Review,Glazing bay not adjacent to a tagged room,A06.04A (east),,WTR-500?,E-W14,"Pane E-W14 at (900, 878) pt opens onto space without a room tag (circulation/unlabelled).",Identify the space; include or exclude from window counts.,
X006,Review,Glazing bay not adjacent to a tagged room,A06.04A (east),,WTR-500?,E-W21,"Pane E-W21 at (656, 878) pt opens onto space without a room tag (circulation/unlabelled).",Identify the space; include or exclude from window counts.,
X007,Review,Glazing bay straddles a partition,A06.04A (east),423,WTR-500,E-W12,Pane E-W12 spans the partition between rooms 423/424; counted in 423 (majority side).,Confirm how a split bay is treated (one unit per bay or per room side).,
X008,Review,Glazing bay straddles a partition,A06.04A (east),453,WTR-500,E-W50,Pane E-W50 spans the partition between rooms 453/456; counted in 453 (majority side).,Confirm how a split bay is treated (one unit per bay or per room side).,
X009,Review,Glazing bay straddles a partition,A06.04A (east),456,WTR-500,E-W57,Pane E-W57 spans the partition between rooms 410/456; counted in 456 (majority side).,Confirm how a split bay is treated (one unit per bay or per room side).,
X010,Review,Glazing bay straddles a partition,A06.04B (west),436,WTR-500,W-W18,Pane W-W18 spans the partition between rooms 433A/436; counted in 436 (majority side).,Confirm how a split bay is treated (one unit per bay or per room side).,
X011,Review,Glazing bay straddles a partition,A06.04B (west),444,WTR-500,W-W31,Pane W-W31 spans the partition between rooms 444/445; counted in 444 (majority side).,Confirm how a split bay is treated (one unit per bay or per room side).,
X012,Review,Glazing bay straddles a partition,A06.04B (west),445,WTR-500,W-W34,Pane W-W34 spans the partition between rooms 445/446; counted in 445 (majority side).,Confirm how a split bay is treated (one unit per bay or per room side).,
X013,Review,Room boundary inferred (open plan / no door),A06.04A (east),408,,,"Boundary of 408: open to 420,416,409,406,412; no isolating closing radius found - geodesic split from tag point (LOW CONFIDENCE).",Check the boundary drawn on the overlay; items near the line are flagged on their rows.,
X014,Review,Room boundary inferred (open plan / no door),A06.04A (east),409,,,"Boundary of 409: open to 420,416,408,406,412; no isolating closing radius found - geodesic split from tag point (LOW CONFIDENCE).",Check the boundary drawn on the overlay; items near the line are flagged on their rows.,
X015,Review,Room tag leader ends at a wall,A06.04A (east),404,,room tag 404,"The ELEC CLOSET 404 tag sits west of the match line and its leader ends at (183.1, 642.7) pt, on the corridor side of the closet wall; the room region used is the small pocket at that point.",Confirm the extent of room 404 (no furniture is shown in it).,
X016,Review,Same in-symbol tag carries different codes,,,"AUD-320, MFN-316",B-5A.4,Symbol tag B-5A.4 is coded differently by room: AUD-320 in 437; MFN-316 in 427. Counts are kept per room as drawn; this may be an intended substitution or a tagging inconsistency.,Confirm against the furniture schedule.,
X017,Review,Same in-symbol tag carries different codes,,,"MFN-323, MFN-326",D-8.1,"Symbol tag D-8.1 is coded differently by room: MFN-323 in 433A, 433B; MFN-326 in 433B. Counts are kept per room as drawn; this may be an intended substitution or a tagging inconsistency.",Confirm against the furniture schedule.,
X018,Review,Same in-symbol tag carries different codes,,,"CRM-400, MFN-415",S-10,Symbol tag S-10 is coded differently by room: CRM-400 in 412; MFN-415 in 427. Counts are kept per room as drawn; this may be an intended substitution or a tagging inconsistency.,Confirm against the furniture schedule.,
X019,Review,Same in-symbol tag carries different codes,,,"MFN-416, MFN-417",S-14,Symbol tag S-14 is coded differently by room: MFN-416 in 427; MFN-417 in 436. Counts are kept per room as drawn; this may be an intended substitution or a tagging inconsistency.,Confirm against the furniture schedule.,
X020,Review,Same in-symbol tag carries different codes,,,"MFN-405, MFN-410",S-3,Symbol tag S-3 is coded differently by room: MFN-405 in 406; MFN-410 in 451. Counts are kept per room as drawn; this may be an intended substitution or a tagging inconsistency.,Confirm against the furniture schedule.,
X021,Review,Same in-symbol tag carries different codes,,,"MFN-305, MFN-307",T-5,"Symbol tag T-5 is coded differently by room: MFN-305 in 424, 451; MFN-307 in 406. Counts are kept per room as drawn; this may be an intended substitution or a tagging inconsistency.",Confirm against the furniture schedule.,
X022,Review,Tagged symbol with no leader code in room,A06.04A (east),433B,,E-T125,1 x CAB-2A in 433B CENTRAL FILES carries no code leader in this room. The tag is not coded anywhere on these sheets. Not included in coded quantities.,Designer to confirm the code (a TYP elsewhere may be intended to cover these); add a leader or schedule entry.,
X023,Review,Tagged symbol with no leader code in room,A06.04B (west),433A,,W-T072,1 x O-1 in 433A CENTRAL FILES carries no code leader in this room. The tag is not coded anywhere on these sheets. Not included in coded quantities.,Designer to confirm the code (a TYP elsewhere may be intended to cover these); add a leader or schedule entry.,
X024,Review,"Untagged item (no in-symbol tag, no code)",A06.04A (east),405,,"(886, 668) pt, 43 x 11 pt","Gray diagonal-hatched item with no tag and no leader in 405 at (886, 668) pt (43 x 11 pt). No legend is supplied to say whether it is millwork, existing/relocated furniture, equipment or by others; it is not counted.",Identify from the schedule or a site/photo check.,Yes
X025,Review,"Untagged item (no in-symbol tag, no code)",A06.04A (east),405,,"(886, 591) pt, 43 x 11 pt","Gray diagonal-hatched item with no tag and no leader in 405 at (886, 591) pt (43 x 11 pt). No legend is supplied to say whether it is millwork, existing/relocated furniture, equipment or by others; it is not counted.",Identify from the schedule or a site/photo check.,Yes
X026,Review,"Untagged item (no in-symbol tag, no code)",A06.04A (east),406,,"(1015, 623) pt, 35 x 81 pt","Gray diagonal-hatched item with no tag and no leader in 406 at (1015, 623) pt (35 x 81 pt). No legend is supplied to say whether it is millwork, existing/relocated furniture, equipment or by others; it is not counted.",Identify from the schedule or a site/photo check.,Yes
X027,Review,"Untagged item (no in-symbol tag, no code)",A06.04A (east),406,,"(1067, 623) pt, 18 x 56 pt","Gray diagonal-hatched item with no tag and no leader in 406 at (1067, 623) pt (18 x 56 pt). No legend is supplied to say whether it is millwork, existing/relocated furniture, equipment or by others; it is not counted.",Identify from the schedule or a site/photo check.,Yes
X028,Review,"Untagged item (no in-symbol tag, no code)",A06.04A (east),422,,"(1089, 818) pt, 4 x 93 pt","Thin masked strip along a wall (next to component tags O1/O4; may belong to them) with no tag and no leader in 422 at (1089, 818) pt (4 x 93 pt). No legend is supplied to say whether it is millwork, existing/relocated furniture, equipment or by others; it is not counted.",Identify from the schedule or a site/photo check.,Yes
X029,Review,"Untagged item (no in-symbol tag, no code)",A06.04A (east),431,,"(429, 834) pt, 18 x 73 pt","Gray diagonal-hatched item with no tag and no leader in 431 at (429, 834) pt (18 x 73 pt). No legend is supplied to say whether it is millwork, existing/relocated furniture, equipment or by others; it is not counted.",Identify from the schedule or a site/photo check.,Yes
X030,Review,"Untagged item (no in-symbol tag, no code)",A06.04A (east),431,,"(635, 823) pt, 18 x 100 pt","Gray diagonal-hatched item with no tag and no leader in 431 at (635, 823) pt (18 x 100 pt). No legend is supplied to say whether it is millwork, existing/relocated furniture, equipment or by others; it is not counted.",Identify from the schedule or a site/photo check.,Yes
X031,Review,"Untagged item (no in-symbol tag, no code)",A06.04A (east),431,,"(430, 841) pt, 14 x 23 pt","Gray diagonal-hatched item with no tag and no leader in 431 at (430, 841) pt (14 x 23 pt). No legend is supplied to say whether it is millwork, existing/relocated furniture, equipment or by others; it is not counted.",Identify from the schedule or a site/photo check.,Yes
X032,Review,"Untagged item (no in-symbol tag, no code)",A06.04A (east),456,,"(835, 446) pt, 23 x 18 pt","Gray diagonal-hatched item with no tag and no leader in 456 at (835, 446) pt (23 x 18 pt). No legend is supplied to say whether it is millwork, existing/relocated furniture, equipment or by others; it is not counted.",Identify from the schedule or a site/photo check.,Yes
X033,Review,"Untagged item (no in-symbol tag, no code)",A06.04A (east),456,,"(788, 446) pt, 70 x 18 pt","Gray diagonal-hatched item with no tag and no leader in 456 at (788, 446) pt (70 x 18 pt). No legend is supplied to say whether it is millwork, existing/relocated furniture, equipment or by others; it is not counted.",Identify from the schedule or a site/photo check.,Yes
X034,Review,"Untagged item (no in-symbol tag, no code)",A06.04A (east),457,,"(471, 508) pt, 27 x 19 pt","Counter/fixture area with plumbing-fixture linework with no tag and no leader in 457 at (471, 508) pt (27 x 19 pt). No legend is supplied to say whether it is millwork, existing/relocated furniture, equipment or by others; it is not counted.",Identify from the schedule or a site/photo check.,Yes
X035,Review,"Untagged item (no in-symbol tag, no code)",A06.04A (east),457,,"(494, 507) pt, 13 x 18 pt","Counter/fixture area with plumbing-fixture linework with no tag and no leader in 457 at (494, 507) pt (13 x 18 pt). No legend is supplied to say whether it is millwork, existing/relocated furniture, equipment or by others; it is not counted.",Identify from the schedule or a site/photo check.,Yes
X036,Review,"Untagged item (no in-symbol tag, no code)",A06.04A (east),460,,"(616, 488) pt, 63 x 19 pt","Counter/fixture area with plumbing-fixture linework with no tag and no leader in 460 at (616, 488) pt (63 x 19 pt). No legend is supplied to say whether it is millwork, existing/relocated furniture, equipment or by others; it is not counted.",Identify from the schedule or a site/photo check.,Yes
X037,Review,"Untagged item (no in-symbol tag, no code)",A06.04B (west),444,,"(865, 439) pt, 6 x 171 pt","Thin masked strip along a wall (next to component tags F3; may belong to them) with no tag and no leader in 444 at (865, 439) pt (6 x 171 pt). No legend is supplied to say whether it is millwork, existing/relocated furniture, equipment or by others; it is not counted.",Identify from the schedule or a site/photo check.,Yes
X038,Review,"Untagged item (no in-symbol tag, no code)",A06.04B (west),447,,"(1164, 390) pt, 19 x 54 pt","Gray diagonal-hatched item with no tag and no leader in 447 at (1164, 390) pt (19 x 54 pt). No legend is supplied to say whether it is millwork, existing/relocated furniture, equipment or by others; it is not counted.",Identify from the schedule or a site/photo check.,Yes
X039,Review,"Untagged item (no in-symbol tag, no code)",A06.04B (west),447,,"(1244, 390) pt, 81 x 31 pt",Large masked item (81 x 31 pt) in 447 whose outline overlaps S-6 tags of adjoining smaller pieces (for example the chairs tucked under it); the item itself has no tag or leader and is not counted.,Identify from the schedule or a site/photo check.,Yes
X040,Review,"Untagged item (no in-symbol tag, no code)",A06.04B (west),449,,"(1461, 377) pt, 4 x 94 pt","Thin masked strip along a wall (next to component tags B5A; may belong to them) with no tag and no leader in 449 at (1461, 377) pt (4 x 94 pt). No legend is supplied to say whether it is millwork, existing/relocated furniture, equipment or by others; it is not counted.",Identify from the schedule or a site/photo check.,Yes
X041,Review,"Untagged item (no in-symbol tag, no code)",A06.04B (west),450,,"(1323, 509) pt, 4 x 141 pt","Thin masked strip along a wall (next to component tags D3/F3; may belong to them) with no tag and no leader in 450 at (1323, 509) pt (4 x 141 pt). No legend is supplied to say whether it is millwork, existing/relocated furniture, equipment or by others; it is not counted.",Identify from the schedule or a site/photo check.,Yes
X042,Review,"Untagged item (no in-symbol tag, no code)",A06.04B (west),451,,"(1469, 567) pt, 54 x 19 pt","Gray diagonal-hatched item with no tag and no leader in 451 at (1469, 567) pt (54 x 19 pt). No legend is supplied to say whether it is millwork, existing/relocated furniture, equipment or by others; it is not counted.",Identify from the schedule or a site/photo check.,Yes
X043,Review,"Untagged item (no in-symbol tag, no code)",A06.04B (west),451,,"(1563, 504) pt, 13 x 54 pt","Gray diagonal-hatched item with no tag and no leader in 451 at (1563, 504) pt (13 x 54 pt). No legend is supplied to say whether it is millwork, existing/relocated furniture, equipment or by others; it is not counted.",Identify from the schedule or a site/photo check.,Yes
X044,Review,Window bays without WTR-500 leader in room,A06.04A (east),411,WTR-500?,"E-W61, E-W62, E-W63, E-W70","4 glazing bay(s) in 411 HCO AREA SECRETARY have no WTR leader in this room. WTR-500 is marked TYP elsewhere, which may be intended to cover them, but no leader identifies them.",Confirm whether WTR-500 applies (schedule / designer); site check of window count.,
X045,Review,Window bays without WTR-500 leader in room,A06.04A (east),427,WTR-500?,"E-W16, E-W17, E-W18, E-W19","4 glazing bay(s) in 427 CLASS ROOM have no WTR leader in this room. WTR-500 is marked TYP elsewhere, which may be intended to cover them, but no leader identifies them.",Confirm whether WTR-500 applies (schedule / designer); site check of window count.,
X046,Review,Window bays without WTR-500 leader in room,A06.04A (east),428,WTR-500?,E-W20,"1 glazing bay(s) in 428 CLOSET have no WTR leader in this room. WTR-500 is marked TYP elsewhere, which may be intended to cover them, but no leader identifies them.",Confirm whether WTR-500 applies (schedule / designer); site check of window count.,
X047,Review,Window bays without WTR-500 leader in room,A06.04B (west),446,WTR-500?,"W-W35, W-W36","2 glazing bay(s) in 446 FLAG REP have no WTR leader in this room. WTR-500 is marked TYP elsewhere, which may be intended to cover them, but no leader identifies them.",Confirm whether WTR-500 applies (schedule / designer); site check of window count.,
X048,Info,Code label without TYP; repeated symbols counted,A06.04A (east),412,CRM-325,"R011: E-T053, E-T054","The label has no TYP, but 2 matching B-5B.4 (9x27 pt) symbols are shown in the room; all are counted per the counting rule.",Confirm the untagged repeats are the same item.,
X049,Info,Code label without TYP; repeated symbols counted,A06.04A (east),423,CC-900,"R035: E-T063, E-T064, E-T065, E-T066, E-T067, E-T068, E-T069, E-T070, E-T071","The label has no TYP, but 9 matching CC-1 (13x9 pt) symbols are shown in the room; all are counted per the counting rule.",Confirm the untagged repeats are the same item.,
X050,Info,Code label without TYP; repeated symbols counted,A06.04A (east),424,MFN-401,"R040: E-T059, E-T060","The label has no TYP, but 2 matching S-2 (18x18 pt) symbols are shown in the room; all are counted per the counting rule.",Confirm the untagged repeats are the same item.,
X051,Info,Code label without TYP; repeated symbols counted,A06.04A (east),427,MFN-312,"R042: E-T074, E-T147","The label has no TYP, but 2 matching T-1 (36x18 pt) symbols are shown in the room; all are counted per the counting rule.",Confirm the untagged repeats are the same item.,
X052,Info,Code label without TYP; repeated symbols counted,A06.04A (east),427,MFN-313,"R043: E-T091, E-T148","The label has no TYP, but 2 matching T-8 (18x18 pt) symbols are shown in the room; all are counted per the counting rule.",Confirm the untagged repeats are the same item.,
X053,Info,Code label without TYP; repeated symbols counted,A06.04A (east),427,MFN-316,"R046: E-T145, E-T146","The label has no TYP, but 2 matching B-5A.4 (93x15 pt) symbols are shown in the room; all are counted per the counting rule.",Confirm the untagged repeats are the same item.,
X054,Info,Code label without TYP; repeated symbols counted,A06.04A (east),427,MFN-415,"R049: E-T075, E-T076, E-T077, E-T078, E-T079, E-T080, E-T081, E-T082, E-T083, E-T084, E-T085, E-T086, E-T087, E-T088, E-T089, E-T090, E-T092, E-T093, E-T094, E-T095","The label has no TYP, but 20 matching S-10 (12x12 pt); S-10 (9x7 pt) symbols are shown in the room; all are counted per the counting rule.",Confirm the untagged repeats are the same item.,
X055,Info,Code label without TYP; repeated symbols counted,A06.04A (east),427,MFN-416,"R050: E-T072, E-T073","The label has no TYP, but 2 matching S-14 (7x10 pt) symbols are shown in the room; all are counted per the counting rule.",Confirm the untagged repeats are the same item.,
X056,Info,Code label without TYP; repeated symbols counted,A06.04A (east),453,CC-900,"R062: E-T129, E-T130, E-T131","The label has no TYP, but 3 matching CC-1 (9x13 pt) symbols are shown in the room; all are counted per the counting rule.",Confirm the untagged repeats are the same item.,
X057,Info,Code label without TYP; repeated symbols counted,A06.04A (east),456,CC-900,"R066: E-T132, E-T133, E-T134","The label has no TYP, but 3 matching CC-1 (14x9 pt) symbols are shown in the room; all are counted per the counting rule.",Confirm the untagged repeats are the same item.,
X058,Info,Code label without TYP; repeated symbols counted,A06.04B (west),437,AUD-320,"R087: W-T097, W-T098","The label has no TYP, but 2 matching B-5A.4 (9x27 pt) symbols are shown in the room; all are counted per the counting rule.",Confirm the untagged repeats are the same item.,
X059,Info,Drawing scale inferred,,,,both sheets,"No scale is shown on the supplied crops. Standard object sizes (3 ft doors = 27 pt; 30x48 in desks = 22.4x36 pt) are consistent with 1/8"" = 1'-0"" (9 pt per ft). Floor coordinates (ft from grid 4 / B.1) use this and are approximate.",Confirm the plot scale before using coordinates for model matching.,
X060,Info,Duplicate callout across match line,A06.04A (east),,MFN-400,E-C57,"E-C57 (MFN-400 TYP) ends at x=111.1, beyond this sheet's match line; the same symbol is covered on the other sheet. Not counted on this sheet.",Confirm the paired callout on the other sheet (see cross-sheet check) and delete one tag on the drawings.,
X061,Info,Hidden CAD attribute text in PDF,,,,both sheets,"Both PDFs contain 0.1 pt invisible text at many symbol insertion points (dealer block attributes such as product-style strings). They were NOT used to fill descriptions, manufacturers or model numbers. They were only used to confirm the drawing scale.",Obtain the furniture schedule / product data for specifications.,
X062,Info,Non-furniture tag,A06.04B (west),446,,"""602"" circle tag","A circle tag ""602"" with an arrow points at the D3 worksurface in FLAG REP 446. It is not in the furniture code format and was not counted.",Confirm meaning (keynote/equipment tag).,
X063,Info,Revision cloud / delta tags,A06.04B (west),435,,cloud around 435; deltas 5 and 6,"A revision cloud with delta 6 surrounds CLEANING CLOSET 435; delta 5 triangles appear in 443 and near 447. A circle tag ""C07"" with an arrow points to the B1 unit in 435. These are revision or keynote marks, not furniture codes.",Confirm the plan revision used for the model matches this issue.,
X064,Info,Room boundary inferred (open plan / no door),A06.04A (east),406,,,"Boundary of 406: open to 420,416,408,409,412; core isolated by closing gaps < 96 px (32 pt), extended to opening by geodesic split.",Check the boundary drawn on the overlay; items near the line are flagged on their rows.,
X065,Info,Room boundary inferred (open plan / no door),A06.04A (east),412,,,"Boundary of 412: open to 420,416,408,409,406; core isolated by closing gaps < 80 px (27 pt), extended to opening by geodesic split.",Check the boundary drawn on the overlay; items near the line are flagged on their rows.,
X066,Info,Room boundary inferred (open plan / no door),A06.04A (east),416,,,"Boundary of 416: open to 420,408,409,406,412; core isolated by closing gaps < 80 px (27 pt), extended to opening by geodesic split.",Check the boundary drawn on the overlay; items near the line are flagged on their rows.,
X067,Info,Room boundary inferred (open plan / no door),A06.04A (east),420,,,"Boundary of 420: open to 416,408,409,406,412; core isolated by closing gaps < 96 px (32 pt), extended to opening by geodesic split.",Check the boundary drawn on the overlay; items near the line are flagged on their rows.,
X068,Info,Room boundary inferred (open plan / no door),A06.04A (east),426,,,"Boundary of 426: open to 429; core isolated by closing gaps < 80 px (27 pt), extended to opening by geodesic split.",Check the boundary drawn on the overlay; items near the line are flagged on their rows.,
X069,Info,Room boundary inferred (open plan / no door),A06.04A (east),429,,,"Boundary of 429: open to 426; core isolated by closing gaps < 80 px (27 pt), extended to opening by geodesic split.",Check the boundary drawn on the overlay; items near the line are flagged on their rows.,
X070,Info,Room boundary inferred (open plan / no door),A06.04B (west),440,,,"Boundary of 440: open to 442,444,443; core isolated by closing gaps < 80 px (27 pt), extended to opening by geodesic split.",Check the boundary drawn on the overlay; items near the line are flagged on their rows.,
X071,Info,Room boundary inferred (open plan / no door),A06.04B (west),442,,,"Boundary of 442: open to 440,444,443; core isolated by closing gaps < 80 px (27 pt), extended to opening by geodesic split.",Check the boundary drawn on the overlay; items near the line are flagged on their rows.,
X072,Info,Room boundary inferred (open plan / no door),A06.04B (west),443,,,"Boundary of 443: open to 442,440,444; core isolated by closing gaps < 80 px (27 pt), extended to opening by geodesic split.",Check the boundary drawn on the overlay; items near the line are flagged on their rows.,
X073,Info,Room boundary inferred (open plan / no door),A06.04B (west),444,,,"Boundary of 444: open to 442,440,443; core isolated by closing gaps < 80 px (27 pt), extended to opening by geodesic split.",Check the boundary drawn on the overlay; items near the line are flagged on their rows.,
X074,Info,Room boundary inferred (open plan / no door),A06.04B (west),450,,,"Boundary of 450: open to 451; core isolated by closing gaps < 96 px (32 pt), extended to opening by geodesic split.",Check the boundary drawn on the overlay; items near the line are flagged on their rows.,
X075,Info,Room boundary inferred (open plan / no door),A06.04B (west),451,,,"Boundary of 451: open to 450; core isolated by closing gaps < 96 px (32 pt), extended to opening by geodesic split.",Check the boundary drawn on the overlay; items near the line are flagged on their rows.,
