callout_id,sheet,code,typ,label_box_pt,leader_bends,leader_path_pt,endpoint_pt,endpoint_floor_ft,trace_check,target_kind,target,target_symbol,room,room_name,room_method,naive_room_by_label_position,naive_differs,notes
E-C01,A06.04A (east),MFN-402,TYP,"1054.0, 62.0, 1108.0, 74.9",1,"[1054.0, 68.5], [770.3, 68.5], [770.3, 361.6]","770.3, 361.6","121.27, 32.54",geometric chain from dot to label; segments drawn in the same annotation group as the label box,tagged-piece,E-T033,S-9,456,TREASURY,room of target symbol tag (point inside room region),411,True,1.5 pt from S-9 piece mask
E-C02,A06.04A (east),MFN-400,,"1054.0, 78.7, 1108.0, 91.6",1,"[1054.0, 85.1], [810.9, 85.1], [811.0, 372.4]","811.0, 372.4","125.79, 31.34",geometric chain from dot to label; segments drawn in the same annotation group as the label box,tagged-piece,E-T011,S-5,456,TREASURY,room of target symbol tag (point inside room region),411,True,0.2 pt from S-5 piece mask
E-C03,A06.04A (east),WTR-500,TYP,"1054.0, 98.0, 1108.0, 110.9",1,"[1054.0, 104.5], [875.4, 104.5], [875.5, 351.7]","875.5, 351.7","132.95, 33.64",geometric chain from dot to label; segments drawn in the same annotation group as the label box,window-bay,E-W58,,410,DEPARTMENT 1,interior side of glazing pane (single room on interior side),411,True,leader ends on exterior glazing (0.9 pt from pane E-W58)
E-C04,A06.04A (east),MFN-400,TYP,"1054.0, 115.5, 1108.0, 128.5",1,"[1054.0, 122.0], [887.3, 122.0], [887.4, 372.3]","887.4, 372.3","134.28, 31.36",geometric chain from dot to label; segments drawn in the same annotation group as the label box,tagged-piece,E-T013,S-5,410,DEPARTMENT 1,room of target symbol tag (point inside room region),411,True,0.2 pt from S-5 piece mask
E-C05,A06.04A (east),MFN-401,TYP,"1054.0, 132.9, 1108.0, 145.9",1,"[1054.0, 139.4], [944.2, 139.4], [944.3, 505.0]","944.3, 505.0","140.6, 16.61",geometric chain from dot to label; segments drawn in the same annotation group as the label box,tagged-piece,E-T036,S-2,407,HCO COPE,room of target symbol tag (point inside room region),411,True,inside S-2 piece outline (3.7 pt from edge)
E-C06,A06.04A (east),WTR-500,TYP,"580.7, 145.9, 634.7, 158.8",1,"[580.7, 152.3], [255.1, 152.3], [255.2, 358.5]","255.2, 358.5","64.03, 32.89",geometric chain from dot to label; segments drawn in the same annotation group as the label box,window-bay,E-W66,,452,BOOKSTOCKS,interior side of glazing pane (single room on interior side),453,True,leader ends on exterior glazing (1.2 pt from pane E-W66)
E-C07,A06.04A (east),MFN-400,TYP,"580.7, 169.6, 634.7, 182.6",1,"[580.7, 176.1], [292.2, 176.1], [291.7, 391.0]","291.7, 391.0","68.09, 29.28",geometric chain from dot to label; segments drawn in the same annotation group as the label box,tagged-piece,E-T003,S-5,453,PROMOTION & MARKETING,room of target symbol tag (point inside room region),453,False,0.1 pt from S-5 piece mask
E-C08,A06.04A (east),MFN-400,,"1054.0, 169.6, 1108.0, 182.6",1,"[1054.0, 176.1], [1010.9, 176.1], [1010.9, 373.6]","1010.9, 373.6","148.0, 31.21",geometric chain from dot to label; segments drawn in the same annotation group as the label box,tagged-piece,E-T014,S-5,411,HCO AREA SECRETARY,room of target symbol tag (point inside room region),411,False,0.2 pt from S-5 piece mask
E-C09,A06.04A (east),MFN-401,TYP,"1054.0, 190.6, 1108.0, 203.6",1,"[1054.0, 197.1], [1049.3, 197.1], [1049.3, 361.6]","1049.3, 361.6","152.27, 32.54",geometric chain from dot to label; segments drawn in the same annotation group as the label box,tagged-piece,E-T038,S-2,411,HCO AREA SECRETARY,room of target symbol tag (point inside room region),411,False,inside S-2 piece outline (1.8 pt from edge)
E-C10,A06.04A (east),MFN-400,TYP,"580.7, 191.2, 634.7, 204.2",1,"[580.7, 197.7], [517.7, 197.7], [517.2, 378.5]","517.2, 378.5","93.14, 30.67",geometric chain from dot to label; segments drawn in the same annotation group as the label box,tagged-piece,E-T006,S-5,453,PROMOTION & MARKETING,room of target symbol tag (point inside room region),453,False,0.1 pt from S-5 piece mask
E-C11,A06.04A (east),WTR-500,TYP,"580.7, 209.2, 634.7, 222.2",1,"[580.7, 215.7], [554.9, 215.7], [555.0, 351.7]","555.0, 351.7","97.34, 33.64",geometric chain from dot to label; segments drawn in the same annotation group as the label box,window-bay,E-W48,,453,PROMOTION & MARKETING,interior side of glazing pane (single room on interior side),453,False,leader ends on exterior glazing (0.9 pt from pane E-W48)
E-C12,A06.04A (east),WTR-500,TYP,"663.3, 222.2, 717.3, 235.1",1,"[732.6, 228.7], [762.7, 228.7], [762.7, 351.7]","762.7, 351.7","120.43, 33.64",geometric chain from dot to label; segments drawn in the same annotation group as the label box,window-bay,E-W54,,456,TREASURY,interior side of glazing pane (single room on interior side),456,False,leader ends on exterior glazing (0.9 pt from pane E-W54)
E-C13,A06.04A (east),EQP-900,,"663.3, 247.1, 717.3, 260.1",1,"[663.3, 253.6], [622.7, 253.6], [622.7, 456.8]","622.7, 456.8","104.87, 21.97",geometric chain from dot to label; segments drawn in the same annotation group as the label box,tagged-piece,E-T135,E-5,456,TREASURY,room of target symbol tag (point inside room region),456,False,inside E-5 piece outline (0.0 pt from edge)
E-C14,A06.04A (east),CRM-325,,"1563.7, 247.9, 1617.7, 260.8",1,"[1563.7, 254.3], [1084.8, 254.3], [1084.9, 532.2]","1084.9, 532.2","156.23, 13.59",geometric chain from dot to label; segments drawn in the same annotation group as the label box,tagged-piece,E-T054,B-5B.4,412,WORK AREA,room of target symbol tag (point inside room region),417,True,0.1 pt from B-5B.4 piece mask
E-C15,A06.04A (east),MFN-400,TYP,"663.3, 268.9, 717.3, 281.8",1,"[663.3, 275.3], [650.7, 275.3], [650.7, 373.7]","650.7, 373.7","107.97, 31.2",geometric chain from dot to label; segments drawn in the same annotation group as the label box,tagged-piece,E-T008,S-5,456,TREASURY,room of target symbol tag (point inside room region),456,False,0.1 pt from S-5 piece mask
E-C16,A06.04A (east),CC-900,TYP,"1563.7, 268.9, 1617.7, 281.8",1,"[1563.7, 275.3], [1087.1, 275.3], [1087.2, 433.1]","1087.2, 433.1","156.47, 24.6",geometric chain from dot to label; segments drawn in the same annotation group as the label box,tagged-piece,E-T040,CC-1,413,ADMIN,room of target symbol tag (point inside room region),417,True,inside CC-1 piece outline (0.0 pt from edge)
E-C17,A06.04A (east),CRM-400,TYP,"1563.7, 287.2, 1617.7, 300.2",1,"[1563.7, 293.7], [1115.7, 293.7], [1115.7, 529.0]","1115.7, 529.0","159.64, 13.94",geometric chain from dot to label; segments drawn in the same annotation group as the label box,tagged-piece,E-T046,S-10,412,WORK AREA,room of target symbol tag (point inside room region),417,True,0.3 pt from S-10 piece mask
E-C18,A06.04A (east),CRM-301.3,,"1564.3, 325.6, 1618.3, 338.6",1,"[1564.3, 332.1], [1135.1, 332.1], [1134.4, 521.5]","1134.4, 521.5","161.72, 14.78",geometric chain from dot to label; segments drawn in the same annotation group as the label box,tagged-piece,E-T052,T-1.3,412,WORK AREA,room of target symbol tag (point inside room region),417,True,0.1 pt from T-1.3 piece mask
E-C19,A06.04A (east),AUD-300.2R,,"1563.7, 380.9, 1617.7, 393.9",1,"[1563.7, 387.4], [1178.9, 387.4], [1179.0, 427.6]","1179.0, 427.6","166.68, 25.21",geometric chain from dot to label; segments drawn in the same annotation group as the label box,tagged-piece,E-T140,D-6A,414,E / O,room of target symbol tag (point inside room region),417,True,inside D-6A piece outline (5.3 pt from edge)
E-C20,A06.04A (east),AUD-400,,"1563.7, 427.0, 1617.7, 440.0",0,"[1563.7, 433.5], [1159.2, 433.5]","1159.2, 433.5","164.48, 24.56",geometric chain from dot to label; segments drawn in the same annotation group as the label box,tagged-piece,E-T043,S-13,414,E / O,room of target symbol tag (point inside room region),417,True,inside S-13 piece outline (4.9 pt from edge)
E-C21,A06.04A (east),MFN-400,,"1563.7, 447.5, 1617.7, 460.5",0,"[1563.7, 454.0], [1207.2, 454.0]","1207.2, 454.0","169.81, 22.28",geometric chain from dot to label; segments drawn in the same annotation group as the label box,tagged-piece,E-T015,S-5,414,E / O,room of target symbol tag (point inside room region),417,True,1.5 pt from S-5 piece mask
E-C22,A06.04A (east),MFN-402,TYP,"329.2, 461.6, 383.2, 474.4",1,"[329.2, 468.1], [301.2, 468.1], [301.3, 446.5]","301.3, 446.5","69.16, 23.11",geometric chain from dot to label; segments drawn in the same annotation group as the label box,tagged-piece,E-T128,S-9,453,PROMOTION & MARKETING,room of target symbol tag (point inside room region),454,True,0.0 pt from S-9 piece mask
E-C23,A06.04A (east),AUD-400,,"1563.7, 464.9, 1617.7, 477.9",0,"[1563.7, 471.4], [1243.9, 471.4]","1243.9, 471.4","173.89, 20.35",geometric chain from dot to label; segments drawn in the same annotation group as the label box,tagged-piece,E-T044,S-13,415,E / O,room of target symbol tag (point inside room region),417,True,0.8 pt from S-13 piece mask
E-C24,A06.04A (east),AUD-300.2R,,"1563.7, 481.9, 1617.7, 494.7",0,"[1563.7, 488.3], [1267.9, 488.2]","1267.9, 488.2","176.55, 18.48",geometric chain from dot to label; segments drawn in the same annotation group as the label box,tagged-piece,E-T155,F,415,E / O,room of target symbol tag (point inside room region),417,True,inside F piece outline (3.6 pt from edge)
E-C25,A06.04A (east),MFN-400,,"1563.7, 498.7, 1617.7, 511.6",0,"[1563.7, 505.1], [1267.9, 505.0]","1267.9, 505.0","176.55, 16.61",geometric chain from dot to label; segments drawn in the same annotation group as the label box,tagged-piece,E-T016,S-5,415,E / O,room of target symbol tag (point inside room region),417,True,0.4 pt from S-5 piece mask
E-C26,A06.04A (east),AUD-400,,"1563.7, 527.5, 1617.7, 540.4",0,"[1563.7, 533.9], [1291.2, 533.8]","1291.2, 533.8","179.15, 13.41",geometric chain from dot to label; segments drawn in the same annotation group as the label box,tagged-piece,E-T045,S-13,416,E / O,room of target symbol tag (point inside room region),417,True,no tagged mask at endpoint; nearest in-symbol tag S-13 at 11.2 pt
E-C27,A06.04A (east),MFN-400,,"214.0, 528.3, 268.0, 541.3",1,"[214.0, 534.8], [193.8, 534.8], [193.9, 551.5]","193.9, 551.5","57.22, 11.45",geometric chain from dot to label; segments drawn in the same annotation group as the label box,tagged-piece,E-T002,S-5,452,BOOKSTOCKS,room of target symbol tag (point inside room region),404,True,0.0 pt from S-5 piece mask
E-C28,A06.04A (east),AUD-300.2R,,"1563.7, 548.2, 1617.7, 561.2",0,"[1563.7, 554.7], [1311.9, 554.7]","1311.9, 554.7","181.44, 11.09",geometric chain from dot to label; segments drawn in the same annotation group as the label box,tagged-piece,E-T152,D-6A,416,E / O,room of target symbol tag (point inside room region),417,True,inside D-6A piece outline (3.0 pt from edge)
E-C29,A06.04A (east),AUD-300.2R,,"1179.1, 565.7, 1233.1, 578.7",1,"[1179.1, 572.2], [1171.0, 572.2], [1151.8, 592.1]","1151.8, 592.1","163.65, 6.93",geometric chain from dot to label; segments drawn in the same annotation group as the label box,tagged-piece,E-T157,F,418,ETHICS OFFICER,room of target symbol tag (point inside room region),416,True,0.4 pt from F piece mask
E-C30,A06.04A (east),MFN-400,,"1563.7, 568.0, 1617.7, 581.0",0,"[1563.7, 574.5], [1307.5, 574.4]","1307.5, 574.4","180.96, 8.9",geometric chain from dot to label; segments drawn in the same annotation group as the label box,tagged-piece,E-T017,S-5,416,E / O,room of target symbol tag (point inside room region),417,True,1.9 pt from S-5 piece mask
E-C31,A06.04A (east),AUD-400,,"1179.1, 589.9, 1233.1, 602.8",1,"[1179.1, 596.3], [1110.0, 596.3], [1110.0, 609.4]","1110.0, 609.4","159.01, 5.01",geometric chain from dot to label; segments drawn in the same annotation group as the label box,tagged-piece,E-T055,S-13,418,ETHICS OFFICER,room of target symbol tag (point inside room region),416,True,0.1 pt from S-13 piece mask
E-C32,A06.04A (east),MFN-400,,"1563.7, 596.5, 1617.7, 609.4",1,"[1563.7, 602.9], [1271.3, 602.9], [1271.4, 623.8]","1271.4, 623.8","176.95, 3.41",geometric chain from dot to label; segments drawn in the same annotation group as the label box,tagged-piece,E-T018,S-5,417,CHIEF ETHICS OFFICER,room of target symbol tag (point inside room region),417,False,0.2 pt from S-5 piece mask
E-C33,A06.04A (east),RR-702,,"341.9, 602.2, 395.9, 615.2",0,"[368.9, 602.2], [369.0, 540.3]","369.0, 540.3","76.68, 12.69",geometric chain from dot to label; segments drawn in the same annotation group as the label box,wall-accessory,E-A03,,457,MEN'S RR,drawn on wall face; open side +x clears wall at 0.8 pt; first room region on that side,405,True,"leader ends on wall-mounted bar symbol E-A03 (14.2 pt long, heavy outline)"
E-C34,A06.04A (east),RR-702,,"637.0, 602.2, 691.0, 615.2",0,"[664.0, 602.2], [664.1, 566.0]","664.1, 566.0","109.47, 9.84",geometric chain from dot to label; segments drawn in the same annotation group as the label box,wall-accessory,E-A06,,460,WOMEN'S RR,drawn on wall face; open side -y clears wall at 1.2 pt; first room region on that side,460,False,"leader ends on wall-mounted bar symbol E-A06 (14.3 pt long, heavy outline)"
E-C35,A06.04A (east),HDF-900,,"772.9, 609.4, 826.9, 622.4",0,"[799.9, 609.4], [800.0, 589.5]","800.0, 589.5","124.57, 7.22",geometric chain from dot to label; segments drawn in the same annotation group as the label box,hdf-system,,,456,TREASURY,point inside room region,407,True,leader ends on a hexagon-pattern section of a filing/shelving bank
E-C36,A06.04A (east),MFN-400,,"905.7, 609.4, 959.7, 622.4",1,"[905.7, 615.9], [887.3, 615.9], [887.4, 527.3]","887.4, 527.3","134.28, 14.13",geometric chain from dot to label; segments drawn in the same annotation group as the label box,tagged-piece,E-T035,S-5,407,HCO COPE,room of target symbol tag (point inside room region),408,True,0.3 pt from S-5 piece mask
E-C37,A06.04A (east),MFN-400,,"1179.1, 611.6, 1233.1, 624.5",0,"[1179.1, 618.1], [1159.2, 617.9]","1159.2, 617.9","164.48, 4.06",geometric chain from dot to label; segments drawn in the same annotation group as the label box,tagged-piece,E-T019,S-5,418,ETHICS OFFICER,room of target symbol tag (point inside room region),416,True,0.2 pt from S-5 piece mask
E-C38,A06.04A (east),CC-900,,"308.4, 619.3, 362.4, 632.2",1,"[308.4, 625.7], [303.1, 625.7], [303.3, 589.7]","303.3, 589.7","69.37, 7.2",geometric chain from dot to label; segments drawn in the same annotation group as the label box,tagged-piece,E-T130,CC-1,453,PROMOTION & MARKETING,room of target symbol tag (point inside room region),405,True,inside CC-1 piece outline (0.1 pt from edge)
E-C39,A06.04A (east),RR-700,,"450.6, 619.3, 504.6, 632.2",0,"[477.6, 619.3], [477.7, 497.3]","477.7, 497.3","88.76, 17.46",geometric chain from dot to label; segments drawn in the same annotation group as the label box,wall-accessory,E-A04,,457,MEN'S RR,drawn on wall face; open side +y clears wall at 0.5 pt; first room region on that side,405,True,"leader ends on wall-mounted bar symbol E-A04 (22.6 pt long, heavy outline)"
E-C40,A06.04A (east),RR-701,,"604.3, 619.3, 658.3, 632.2",0,"[631.3, 619.3], [631.5, 477.8]","631.5, 477.8","105.84, 19.63",geometric chain from dot to label; segments drawn in the same annotation group as the label box,wall-accessory,E-A02,,460,WOMEN'S RR,drawn on wall face; open side +y clears wall at 0.5 pt; first room region on that side,429,True,"leader ends on wall-mounted bar symbol E-A02 (58.6 pt long, heavy outline)"
E-C41,A06.04A (east),AUD-400,,"1563.7, 624.8, 1617.7, 637.7",0,"[1563.7, 631.3], [1325.5, 631.3]","1325.5, 631.3","182.96, 2.58",geometric chain from dot to label; segments drawn in the same annotation group as the label box,tagged-piece,E-T056,S-13,417,CHIEF ETHICS OFFICER,room of target symbol tag (point inside room region),417,False,0.1 pt from S-13 piece mask
E-C42,A06.04A (east),CC-900,,"774.4, 625.3, 828.4, 638.2",1,"[774.4, 631.7], [712.8, 631.7], [712.8, 545.6]","712.8, 545.6","114.88, 12.1",geometric chain from dot to label; segments drawn in the same annotation group as the label box,tagged-piece,E-T132,CC-1,456,TREASURY,room of target symbol tag (point inside room region),407,True,inside CC-1 piece outline (0.1 pt from edge)
E-C43,A06.04A (east),MFN-314,,"774.4, 656.3, 828.4, 669.3",1,"[774.4, 662.8], [728.8, 662.8], [728.8, 788.7]","728.8, 788.7","116.66, -14.91",geometric chain from dot to label; segments drawn in the same annotation group as the label box,tagged-piece,E-T142,D-11.2,427,CLASS ROOM,room of target symbol tag (point inside room region),425,True,0.1 pt from D-11.2 piece mask
E-C44,A06.04A (east),MFN-400,,"978.5, 669.5, 1032.5, 682.5",1,"[1032.5, 676.0], [1034.2, 676.0], [1034.3, 629.9]","1034.3, 629.9","150.6, 2.73",geometric chain from dot to label; segments drawn in the same annotation group as the label box,tagged-piece,E-T020,S-5,406,HCO RECEPTION,room of target symbol tag (point inside room region),406,False,0.3 pt from S-5 piece mask
E-C45,A06.04A (east),MFN-400,,"774.4, 673.3, 828.4, 686.2",1,"[774.4, 679.7], [744.5, 679.7], [744.6, 802.4]","744.6, 802.4","118.41, -16.43",geometric chain from dot to label; segments drawn in the same annotation group as the label box,tagged-piece,E-T026,S-5,427,CLASS ROOM,room of target symbol tag (point inside room region),425,True,0.2 pt from S-5 piece mask
E-C46,A06.04A (east),AUD-300.2R,,"1563.7, 680.1, 1617.7, 693.1",1,"[1563.7, 686.6], [1430.1, 686.6], [1302.1, 636.9]","1302.1, 636.9","180.36, 1.96",geometric chain from dot to label; segments drawn in the same annotation group as the label box,tagged-piece,E-T150,D-6A,417,CHIEF ETHICS OFFICER,room of target symbol tag (point inside room region),417,False,0.1 pt from D-6A piece mask
E-C47,A06.04A (east),MFN-317,,"774.4, 690.9, 828.4, 703.9",1,"[774.4, 697.4], [752.2, 697.4], [752.3, 735.4]","752.3, 735.4","119.27, -8.98",geometric chain from dot to label; segments drawn in the same annotation group as the label box,tagged-piece,E-T144,CAB-15A.3,427,CLASS ROOM,room of target symbol tag (point inside room region),425,True,inside CAB-15A.3 piece outline (0.1 pt from edge); same mask also carries ['B-5A.4']; nearest tag used
E-C48,A06.04A (east),RR-702,,"641.3, 705.7, 695.3, 718.6",0,"[641.3, 712.1], [587.4, 712.1]","587.4, 712.1","100.95, -6.4",geometric chain from dot to label; segments drawn in the same annotation group as the label box,wall-accessory,E-A05,,429,RESTROOM,drawn on wall face; open side +x clears wall at 0.5 pt; first room region on that side,426,True,"leader ends on wall-mounted bar symbol E-A05 (14.3 pt long, heavy outline)"
E-C49,A06.04A (east),MFN-316,,"774.4, 705.7, 828.4, 718.6",1,"[828.4, 712.1], [828.7, 712.1], [828.7, 732.5]","828.7, 732.5","127.76, -8.66",geometric chain from dot to label; segments drawn in the same annotation group as the label box,tagged-piece,E-T146,B-5A.4,427,CLASS ROOM,room of target symbol tag (point inside room region),425,True,inside B-5A.4 piece outline (4.5 pt from edge); same mask also carries ['CAB-15A.3']; nearest tag used
E-C50,A06.04A (east),MFN-307,,"978.5, 721.7, 1032.5, 734.7",1,"[978.5, 728.2], [971.5, 728.2], [946.6, 703.1]","946.6, 703.1","140.86, -5.4",geometric chain from dot to label; segments drawn in the same annotation group as the label box,tagged-piece,E-T057,T-5,406,HCO RECEPTION,room of target symbol tag (point inside room region),406,False,0.1 pt from T-5 piece mask
E-C51,A06.04A (east),RR-702,,"1063.8, 732.4, 1117.8, 745.4",0,"[1090.8, 732.4], [1090.9, 667.6]","1090.9, 667.6","156.89, -1.46",geometric chain from dot to label; segments drawn in the same annotation group as the label box,wall-accessory,E-A01,,419,RESTROOM,drawn on wall face; open side +y clears wall at 0.8 pt; first room region on that side,419,False,"leader ends on wall-mounted bar symbol E-A01 (15.0 pt long, heavy outline)"
E-C52,A06.04A (east),MFN-405,TYP,"978.5, 740.0, 1032.5, 752.9",1,"[978.5, 746.5], [971.8, 746.5], [947.5, 727.9]","947.5, 727.9","140.95, -8.16",geometric chain from dot to label; segments drawn in the same annotation group as the label box,tagged-piece,E-T062,S-3,406,HCO RECEPTION,room of target symbol tag (point inside room region),406,False,inside S-3 piece outline (6.1 pt from edge)
E-C53,A06.04A (east),MFN-415,,"774.4, 745.4, 828.4, 758.3",1,"[801.4, 758.3], [801.4, 814.9], [815.8, 814.8]","815.8, 814.8","126.33, -17.81",geometric chain from dot to label; segments drawn in the same annotation group as the label box,tagged-piece,E-T078,S-10,427,CLASS ROOM,room of target symbol tag (point inside room region),425,True,0.4 pt from S-10 piece mask
E-C54,A06.04A (east),MFN-312,,"805.5, 764.5, 859.5, 777.4",0,"[832.5, 777.4], [832.5, 794.8]","832.5, 794.8","128.17, -15.59",geometric chain from dot to label; segments drawn in the same annotation group as the label box,tagged-piece,E-T074,T-1,427,CLASS ROOM,room of target symbol tag (point inside room region),425,True,"inside S-10 piece outline (0.1 pt from edge); endpoint on shared edge with ['T-1'] piece; Endpoint lies on the shared edge of S-10 and T-1. S-10 in this room is already tagged MFN-415, so T-1 is adopted as the probable target."
E-C55,A06.04A (east),WTR-500,TYP,"1563.7, 793.1, 1617.7, 806.1",0,"[1563.7, 799.6], [1386.3, 799.6]","1386.3, 799.6","189.71, -16.12",geometric chain from dot to label; segments drawn in the same annotation group as the label box,window-bay,E-W38,,421,DEPARTMENT 3,interior side of glazing pane (single room on interior side),417,True,leader ends on exterior glazing (0.4 pt from pane E-W38)
E-C56,A06.04A (east),MFN-400,TYP,"1563.7, 834.1, 1617.7, 847.0",0,"[1563.7, 840.5], [1363.4, 840.5]","1363.4, 840.5","187.17, -20.66",geometric chain from dot to label; segments drawn in the same annotation group as the label box,tagged-piece,E-T024,S-5,421,DEPARTMENT 3,room of target symbol tag (point inside room region),417,True,0.3 pt from S-5 piece mask
E-C57,A06.04A (east),MFN-400,TYP,"127.1, 843.9, 181.1, 856.9",0,"[127.1, 850.4], [111.1, 850.3]","111.1, 850.3","48.03, -21.75",geometric chain from dot to label; segments drawn in the same annotation group as the label box,other-sheet,,,,,,403,False,leader endpoint lies beyond the match line (x=150.5); symbol belongs to the other sheet
E-C58,A06.04A (east),MFN-326,,"330.4, 896.2, 384.4, 909.2",1,"[330.4, 902.7], [319.3, 902.7], [319.5, 872.7]","319.5, 872.7","71.17, -24.24",geometric chain from dot to label; segments drawn in the same annotation group as the label box,tagged-piece,E-T126,D-8.1,433B,CENTRAL FILES,room of target symbol tag (point inside room region),433B,False,inside D-8.1 piece outline (0.1 pt from edge)
E-C59,A06.04A (east),HDF-900,,"329.2, 914.2, 383.2, 927.1",1,"[329.2, 920.7], [281.1, 920.7], [281.2, 815.3]","281.2, 815.3","66.92, -17.87",geometric chain from dot to label; segments drawn in the same annotation group as the label box,hdf-system,,,433B,CENTRAL FILES,point inside room region,433B,False,leader ends on a hexagon-pattern section of a filing/shelving bank
E-C60,A06.04A (east),MFN-400,TYP.,"330.3, 933.1, 384.3, 946.0",1,"[330.3, 939.5], [255.0, 939.5], [255.1, 849.5]","255.1, 849.5","64.02, -21.66",geometric chain from dot to label; segments drawn in the same annotation group as the label box,tagged-piece,E-T029,S-5,433B,CENTRAL FILES,room of target symbol tag (point inside room region),433B,False,inside S-5 piece outline (0.0 pt from edge)
E-C61,A06.04A (east),DIN-400,TYP,"553.0, 956.1, 607.0, 968.9",1,"[553.0, 962.6], [521.2, 962.6], [521.2, 871.4]","521.2, 871.4","93.59, -24.1",geometric chain from dot to label; segments drawn in the same annotation group as the label box,tagged-piece,E-T108,S-18,431,LUNCH ROOM,room of target symbol tag (point inside room region),431,False,0.6 pt from S-18 piece mask
E-C62,A06.04A (east),MFN-313,,"778.5, 961.3, 832.5, 974.2",1,"[778.5, 967.7], [778.8, 967.7], [778.9, 849.5]","778.9, 849.5","122.23, -21.66",geometric chain from dot to label; segments drawn in the same annotation group as the label box,tagged-piece,E-T148,T-8,427,CLASS ROOM,room of target symbol tag (point inside room region),427,False,inside T-8 piece outline (5.0 pt from edge)
E-C63,A06.04A (east),DIN-301,TYP,"553.0, 977.8, 607.0, 990.8",1,"[553.0, 984.3], [503.7, 984.3], [503.8, 872.7]","503.8, 872.7","91.65, -24.24",geometric chain from dot to label; segments drawn in the same annotation group as the label box,tagged-piece,E-T099,T-16,431,LUNCH ROOM,room of target symbol tag (point inside room region),431,False,0.0 pt from T-16 piece mask
E-C64,A06.04A (east),MFN-415,,"778.5, 977.8, 832.5, 990.8",1,"[778.5, 984.3], [772.1, 984.3], [772.1, 861.7]","772.1, 861.7","121.47, -23.02",geometric chain from dot to label; segments drawn in the same annotation group as the label box,tagged-piece,E-T094,S-10,427,CLASS ROOM,room of target symbol tag (point inside room region),427,False,0.9 pt from S-10 piece mask
E-C65,A06.04A (east),MFN-400,,"905.7, 977.8, 959.7, 990.8",1,"[905.7, 984.3], [890.7, 984.3], [890.7, 844.7]","890.7, 844.7","134.64, -21.13",geometric chain from dot to label; segments drawn in the same annotation group as the label box,tagged-piece,E-T027,S-5,424,PROCURMENT OFFICER,room of target symbol tag (point inside room region),424,False,0.4 pt from S-5 piece mask
E-C66,A06.04A (east),MFN-400,,"1002.4, 977.8, 1056.4, 990.8",1,"[1056.4, 984.3], [1058.7, 984.3], [1058.7, 822.7]","1058.7, 822.7","153.31, -18.68",geometric chain from dot to label; segments drawn in the same annotation group as the label box,tagged-piece,E-T025,S-5,423,DEPARTMENT 2,room of target symbol tag (point inside room region),423,False,inside S-5 piece outline (4.3 pt from edge)
E-C67,A06.04A (east),HDF-900,,"1097.4, 977.8, 1151.4, 990.8",0,"[1124.4, 977.8], [1124.5, 822.7]","1124.5, 822.7","160.62, -18.68",geometric chain from dot to label; segments drawn in the same annotation group as the label box,hdf-system,,,422,MIMEO FILES,point inside room region,422,False,leader ends on a hexagon-pattern section of a filing/shelving bank
E-C68,A06.04A (east),MFN-323,TYP,"328.7, 990.8, 382.7, 1003.7",1,"[328.7, 997.3], [241.0, 997.3], [241.1, 862.3]","241.1, 862.3","62.47, -23.08",geometric chain from dot to label; segments drawn in the same annotation group as the label box,tagged-piece,E-T127,D-8.1,433B,CENTRAL FILES,room of target symbol tag (point inside room region),433B,False,inside D-8.1 piece outline (7.3 pt from edge)
E-C69,A06.04A (east),MFN-416,,"778.5, 995.6, 832.5, 1008.5",1,"[778.5, 1002.1], [735.1, 1002.1], [735.3, 858.5]","735.3, 858.5","117.37, -22.67",geometric chain from dot to label; segments drawn in the same annotation group as the label box,tagged-piece,E-T073,S-14,427,CLASS ROOM,room of target symbol tag (point inside room region),427,False,0.3 pt from S-14 piece mask
E-C70,A06.04A (east),MFN-401,,"905.7, 995.6, 959.7, 1008.5",1,"[905.7, 1002.1], [873.3, 1002.1], [873.3, 802.4]","873.3, 802.4","132.71, -16.43",geometric chain from dot to label; segments drawn in the same annotation group as the label box,tagged-piece,E-T060,S-2,424,PROCURMENT OFFICER,room of target symbol tag (point inside room region),424,False,inside S-2 piece outline (4.0 pt from edge)
E-C71,A06.04A (east),CC-900,,"1003.1, 995.6, 1057.1, 1008.5",1,"[1003.1, 1002.1], [971.8, 1002.1], [971.8, 843.2]","971.8, 843.2","143.66, -20.96",geometric chain from dot to label; segments drawn in the same annotation group as the label box,tagged-piece,E-T070,CC-1,423,DEPARTMENT 2,room of target symbol tag (point inside room region),423,False,inside CC-1 piece outline (0.1 pt from edge)
E-C72,A06.04A (east),HDF-900,,"1281.7, 995.6, 1335.7, 1008.5",1,"[1281.7, 1002.1], [1257.6, 1002.1], [1257.6, 840.5]","1257.6, 840.5","175.41, -20.66",geometric chain from dot to label; segments drawn in the same annotation group as the label box,hdf-system,,,421,DEPARTMENT 3,point inside room region,421,False,leader ends on a hexagon-pattern section of a filing/shelving bank
E-C73,A06.04A (east),MFN-305,,"905.7, 1013.7, 959.7, 1026.7",1,"[905.7, 1020.2], [868.3, 1020.2], [868.5, 788.6]","868.5, 788.6","132.17, -14.9",geometric chain from dot to label; segments drawn in the same annotation group as the label box,tagged-piece,E-T058,T-5,424,PROCURMENT OFFICER,room of target symbol tag (point inside room region),424,False,0.1 pt from T-5 piece mask
E-C74,A06.04A (east),MFN-315,,"778.5, 1019.1, 832.5, 1032.1",1,"[778.5, 1025.6], [724.6, 1025.6], [724.6, 843.2]","724.6, 843.2","116.19, -20.96",geometric chain from dot to label; segments drawn in the same annotation group as the label box,tagged-piece,E-T143,D-4.1A,427,CLASS ROOM,room of target symbol tag (point inside room region),427,False,inside D-4.1A piece outline (5.9 pt from edge)
E-C75,A06.04A (east),WTR-500,TYP,"329.2, 1026.7, 383.2, 1039.6",1,"[329.2, 1033.1], [198.9, 1033.1], [199.0, 877.9]","199.0, 877.9","57.79, -24.82",geometric chain from dot to label; segments drawn in the same annotation group as the label box,window-bay,E-W34,,433B,CENTRAL FILES,interior side of glazing pane (single room on interior side),433B,False,leader ends on exterior glazing (0.0 pt from pane E-W34)
E-C76,A06.04A (east),WTR-500,TYP,"553.0, 1026.7, 607.0, 1039.6",1,"[553.0, 1033.1], [492.3, 1033.1], [492.3, 877.9]","492.3, 877.9","90.38, -24.82",geometric chain from dot to label; segments drawn in the same annotation group as the label box,window-bay,E-W26,,431,LUNCH ROOM,interior side of glazing pane (single room on interior side),431,False,leader ends on exterior glazing (0.0 pt from pane E-W26)
E-C77,A06.04A (east),WTR-500,TYP,"1281.7, 1026.7, 1335.7, 1039.6",1,"[1281.7, 1033.1], [1230.3, 1033.1], [1230.3, 877.9]","1230.3, 877.9","172.38, -24.82",geometric chain from dot to label; segments drawn in the same annotation group as the label box,window-bay,E-W05,,422,MIMEO FILES,interior side of glazing pane (single room on interior side),421,True,leader ends on exterior glazing (0.4 pt from pane E-W05)
E-C78,A06.04A (east),WTR-500,TYP,"778.5, 1039.6, 832.5, 1052.6",1,"[847.8, 1046.1], [858.0, 1046.1], [858.0, 877.9]","858.0, 877.9","131.01, -24.82",geometric chain from dot to label; segments drawn in the same annotation group as the label box,window-bay,E-W15,,424,PROCURMENT OFFICER,interior side of glazing pane (single room on interior side),427,True,leader ends on exterior glazing (0.0 pt from pane E-W15)
E-C79,A06.04A (east),WTR-500,TYP,"905.7, 1039.6, 959.7, 1052.6",1,"[975.1, 1046.1], [1072.8, 1046.1], [1072.8, 877.9]","1072.8, 877.9","154.88, -24.82",geometric chain from dot to label; segments drawn in the same annotation group as the label box,window-bay,E-W09,,423,DEPARTMENT 2,interior side of glazing pane (single room on interior side),424,True,leader ends on exterior glazing (0.0 pt from pane E-W09)
W-C01,A06.04B (west),WTR-500,TYP,"1393.0, 159.2, 1447.0, 172.2",1,"[1393.0, 165.7], [1222.3, 165.7], [1222.3, 338.0]","1222.3, 338.0","13.05, 33.76",geometric chain from dot to label; segments drawn in the same annotation group as the label box,window-bay,W-W39,,447,CONFERENCE ROOM,interior side of glazing pane (single room on interior side),448,True,leader ends on exterior glazing (0.2 pt from pane W-W39)
W-C02,A06.04B (west),WTR-500,TYP,"1477.5, 159.8, 1531.5, 172.8",1,"[1477.5, 166.3], [1465.5, 166.3], [1465.6, 338.0]","1465.6, 338.0","40.09, 33.76",geometric chain from dot to label; segments drawn in the same annotation group as the label box,window-bay,W-W46,,449,SOCIAL REFORM / PR,interior side of glazing pane (single room on interior side),449,False,leader ends on exterior glazing (0.0 pt from pane W-W46)
W-C03,A06.04B (west),MFN-414,TYP,"1393.0, 185.5, 1447.0, 198.5",1,"[1393.0, 192.0], [1264.2, 192.0], [1264.2, 357.3]","1264.2, 357.3","17.71, 31.62",geometric chain from dot to label; segments drawn in the same annotation group as the label box,tagged-piece,W-T011,S-6,447,CONFERENCE ROOM,room of target symbol tag (point inside room region),448,True,no tagged mask at endpoint; nearest in-symbol tag S-6 at 7.6 pt
W-C04,A06.04B (west),MFN-400,TYP,"1477.5, 185.5, 1531.5, 198.5",1,"[1477.5, 192.0], [1474.3, 192.0], [1474.4, 363.5]","1474.4, 363.5","41.07, 30.94",geometric chain from dot to label; segments drawn in the same annotation group as the label box,tagged-piece,W-T022,S-5,449,SOCIAL REFORM / PR,room of target symbol tag (point inside room region),449,False,inside S-5 piece outline (2.9 pt from edge)
W-C05,A06.04B (west),WTR-500,TYP,"1016.6, 188.0, 1070.6, 201.0",1,"[1016.6, 194.5], [990.4, 194.5], [990.4, 339.7]","990.4, 339.7","-12.71, 33.58",geometric chain from dot to label; segments drawn in the same annotation group as the label box,window-bay,W-W32,,445,DIRECTOR FOUNDATION,interior side of glazing pane (single room on interior side),446,True,leader ends on exterior glazing (1.6 pt from pane W-W32)
W-C06,A06.04B (west),WTR-500,TYP,"904.0, 189.6, 958.0, 202.5",1,"[904.0, 196.1], [885.7, 196.1], [885.7, 339.7]","885.7, 339.7","-24.35, 33.58",geometric chain from dot to label; segments drawn in the same annotation group as the label box,window-bay,W-W29,,444,EXECUTIVE DIRECTOR DAY,interior side of glazing pane (single room on interior side),446,True,leader ends on exterior glazing (1.6 pt from pane W-W29)
W-C07,A06.04B (west),MFN-400,TYP,"1016.6, 209.1, 1070.6, 222.1",1,"[1016.6, 215.6], [1002.0, 215.6], [1002.0, 362.1]","1002.0, 362.1","-11.43, 31.09",geometric chain from dot to label; segments drawn in the same annotation group as the label box,tagged-piece,W-T006,S-5,445,DIRECTOR FOUNDATION,room of target symbol tag (point inside room region),446,True,0.1 pt from S-5 piece mask
W-C08,A06.04B (west),MFN-402,TYP,"904.4, 210.6, 958.4, 223.5",1,"[904.4, 217.1], [890.5, 217.1], [890.2, 354.6]","890.2, 354.6","-23.85, 31.92",geometric chain from dot to label; segments drawn in the same annotation group as the label box,tagged-piece,W-T002,S-9,444,EXECUTIVE DIRECTOR DAY,room of target symbol tag (point inside room region),446,True,1.5 pt from S-9 piece mask
W-C09,A06.04B (west),MFN-400,TYP,"1393.0, 210.6, 1447.0, 223.5",1,"[1393.0, 217.1], [1367.8, 217.1], [1368.0, 362.1]","1368.0, 362.1","29.24, 31.09",geometric chain from dot to label; segments drawn in the same annotation group as the label box,tagged-piece,W-T021,S-5,448,INVEST/ LEGAL,room of target symbol tag (point inside room region),448,False,inside S-5 piece outline (3.1 pt from edge)
W-C10,A06.04B (west),MFN-402,TYP,"1016.6, 232.3, 1070.6, 245.3",0,"[1047.6, 245.3], [1047.6, 347.8]","1047.6, 347.8","-6.36, 32.68",geometric chain from dot to label; segments drawn in the same annotation group as the label box,tagged-piece,W-T007,S-9,445,DIRECTOR FOUNDATION,room of target symbol tag (point inside room region),446,True,1.5 pt from S-9 piece mask
W-C11,A06.04B (west),WTR-500,TYP,"1392.9, 232.3, 1446.9, 245.3",0,"[1427.6, 245.3], [1427.7, 338.0]","1427.7, 338.0","35.88, 33.76",geometric chain from dot to label; segments drawn in the same annotation group as the label box,window-bay,W-W45,,448,INVEST/ LEGAL,interior side of glazing pane (single room on interior side),448,False,leader ends on exterior glazing (0.0 pt from pane W-W45)
W-C12,A06.04B (west),MFN-400,TYP,"904.4, 233.5, 958.4, 246.5",0,"[939.1, 246.5], [939.2, 363.5]","939.2, 363.5","-18.4, 30.94",geometric chain from dot to label; segments drawn in the same annotation group as the label box,tagged-piece,W-T001,S-5,444,EXECUTIVE DIRECTOR DAY,room of target symbol tag (point inside room region),446,True,inside S-5 piece outline (1.2 pt from edge)
W-C13,A06.04B (west),MFN-402,,"1106.4, 295.4, 1160.4, 308.3",1,"[1106.4, 301.9], [1093.2, 301.9], [1093.2, 365.1]","1093.2, 365.1","-1.29, 30.75",geometric chain from dot to label; segments drawn in the same annotation group as the label box,tagged-piece,W-T009,S-9,446,FLAG REP,room of target symbol tag (point inside room region),446,False,1.5 pt from S-9 piece mask
W-C14,A06.04B (west),MFN-400,,"1105.5, 314.4, 1159.5, 327.3",0,"[1132.5, 327.3], [1132.6, 365.9]","1132.6, 365.9","3.09, 30.67",geometric chain from dot to label; segments drawn in the same annotation group as the label box,tagged-piece,W-T010,S-5,446,FLAG REP,room of target symbol tag (point inside room region),446,False,0.2 pt from S-5 piece mask
W-C15,A06.04B (west),MFN-412,,"1699.5, 394.2, 1753.5, 407.1",1,"[1699.5, 400.7], [1470.4, 400.7], [1470.6, 470.5]","1470.6, 470.5","40.64, 19.04",geometric chain from dot to label; segments drawn in the same annotation group as the label box,tagged-piece,W-T026,S-4,451,SPECIAL AFFAIRS,room of target symbol tag (point inside room region),449,True,0.1 pt from S-4 piece mask
W-C16,A06.04B (west),HDF-900,,"1378.6, 400.4, 1432.6, 413.4",1,"[1378.6, 406.9], [1373.8, 406.9], [1373.8, 422.9]","1373.8, 422.9","29.89, 24.34",geometric chain from dot to label; segments drawn in the same annotation group as the label box,hdf-system,,,448,INVEST/ LEGAL,point inside room region,451,True,leader ends on a hexagon-pattern section of a filing/shelving bank
W-C17,A06.04B (west),MFN-305,TYP,"1699.5, 436.3, 1753.5, 449.3",1,"[1699.5, 442.8], [1509.0, 442.8], [1509.1, 476.8]","1509.1, 476.8","44.92, 18.34",geometric chain from dot to label; segments drawn in the same annotation group as the label box,tagged-piece,W-T032,T-5,451,SPECIAL AFFAIRS,room of target symbol tag (point inside room region),449,True,0.1 pt from T-5 piece mask
W-C18,A06.04B (west),CC-900,TYP,"1096.0, 448.5, 1150.0, 461.5",0,"[1096.0, 455.0], [1085.1, 455.0]","1085.1, 455.0","-2.19, 20.76",geometric chain from dot to label; segments drawn in the same annotation group as the label box,tagged-piece,W-T018,CC-1,443,EXECUTIVES OFFICE,room of target symbol tag (point inside room region),445,True,inside CC-1 piece outline (0.0 pt from edge)
W-C19,A06.04B (west),MFN-410,TYP,"1699.5, 512.0, 1753.5, 525.0",0,"[1699.5, 518.5], [1522.0, 518.4]","1522.0, 518.4","46.36, 13.72",geometric chain from dot to label; segments drawn in the same annotation group as the label box,tagged-piece,W-T029,S-3,451,SPECIAL AFFAIRS,room of target symbol tag (point inside room region),451,False,0.0 pt from S-3 piece mask
W-C20,A06.04B (west),MFN-400,TYP,"724.0, 519.5, 778.0, 532.3",0,"[793.4, 525.8], [942.9, 525.8]","942.9, 525.8","-17.99, 12.9",geometric chain from dot to label; segments drawn in the same annotation group as the label box,tagged-piece,W-T042,S-5,443,EXECUTIVES OFFICE,room of target symbol tag (point inside room region),443,False,inside S-5 piece outline (0.1 pt from edge)
W-C21,A06.04B (west),MFN-306,,"1699.5, 552.1, 1753.5, 565.1",1,"[1699.5, 558.6], [1470.4, 558.6], [1470.6, 548.3]","1470.6, 548.3","40.64, 10.4","geometric chain from dot to label; segments drawn in the same annotation group as the label box; junction at (1470.6,548.3) with 4 continuations; followed drawing-order neighbour",tagged-piece,W-T033,T-6,451,SPECIAL AFFAIRS,room of target symbol tag (point inside room region),433A,True,inside T-6 piece outline (0.0 pt from edge)
W-C22,A06.04B (west),WTR-500,TYP,"724.0, 565.4, 778.0, 578.4",0,"[793.4, 571.9], [865.8, 571.8]","865.8, 571.8","-26.56, 7.79",geometric chain from dot to label; segments drawn in the same annotation group as the label box,window-bay,W-W01,,443,EXECUTIVES OFFICE,interior side of glazing pane (single room on interior side),443,False,leader ends on exterior glazing (1.7 pt from pane W-W01)
W-C23,A06.04B (west),MFN-401,TYP,"1699.5, 579.3, 1753.5, 592.3",1,"[1699.5, 585.8], [1359.9, 585.8], [1360.0, 492.7]","1360.0, 492.7","28.35, 16.58","geometric chain from dot to label; segments drawn in the same annotation group as the label box; junction at (1360.0,492.7) with 2 continuations; followed drawing-order neighbour",tagged-piece,W-T034,S-2,450,DIRECTOR SPECIAL AFFAIRS,room of target symbol tag (point inside room region),433A,True,inside S-2 piece outline (8.0 pt from edge)
W-C24,A06.04B (west),MFN-400,,"1699.5, 603.5, 1753.5, 616.4",1,"[1699.5, 609.9], [1349.4, 609.9], [1349.5, 539.2]","1349.5, 539.2","27.19, 11.41",geometric chain from dot to label; segments drawn in the same annotation group as the label box,tagged-piece,W-T024,S-5,450,DIRECTOR SPECIAL AFFAIRS,room of target symbol tag (point inside room region),433A,True,inside S-5 piece outline (0.0 pt from edge)
W-C25,A06.04B (west),MFN-400,TYP,"1161.2, 603.8, 1215.2, 616.8",1,"[1161.2, 610.3], [1147.6, 610.3], [1147.8, 681.5]","1147.8, 681.5","4.77, -4.4",geometric chain from dot to label; segments drawn in the same annotation group as the label box,tagged-piece,W-T049,S-5,442,FINANCE OFFICE,room of target symbol tag (point inside room region),442,False,0.2 pt from S-5 piece mask
W-C26,A06.04B (west),MFN-400,,"724.0, 616.4, 778.0, 629.4",1,"[778.0, 622.9], [1026.1, 622.9], [1026.2, 681.3]","1026.2, 681.3","-8.73, -4.38",geometric chain from dot to label; segments drawn in the same annotation group as the label box,tagged-piece,W-T046,S-5,440,EXEC ESTO,room of target symbol tag (point inside room region),439,True,0.2 pt from S-5 piece mask
W-C27,A06.04B (west),WTR-500,TYP,"724.0, 643.5, 778.0, 656.5",0,"[793.4, 650.0], [869.5, 649.9]","869.5, 649.9","-26.15, -0.89",geometric chain from dot to label; segments drawn in the same annotation group as the label box,window-bay,W-W03,,439,LRH COMM,interior side of glazing pane (single room on interior side),439,False,leader ends on exterior glazing (5.4 pt from pane W-W03)
W-C28,A06.04B (west),MFN-402,,"724.0, 659.4, 778.0, 672.3",1,"[778.0, 665.9], [983.2, 665.9], [983.4, 685.9]","983.4, 685.9","-13.49, -4.89",geometric chain from dot to label; segments drawn in the same annotation group as the label box,tagged-piece,W-T047,S-9,440,EXEC ESTO,room of target symbol tag (point inside room region),439,True,inside S-9 piece outline (3.7 pt from edge)
W-C29,A06.04B (west),MFN-400,,"724.0, 682.5, 778.0, 695.5",0,"[778.0, 689.0], [884.4, 689.0]","884.4, 689.0","-24.49, -5.23",geometric chain from dot to label; segments drawn in the same annotation group as the label box,tagged-piece,W-T043,S-5,439,LRH COMM,room of target symbol tag (point inside room region),439,False,0.0 pt from S-5 piece mask
W-C30,A06.04B (west),MFN-402,TYP,"724.0, 697.5, 778.0, 710.5",0,"[793.4, 704.0], [933.4, 704.0]","933.4, 704.0","-19.04, -6.9",geometric chain from dot to label; segments drawn in the same annotation group as the label box,tagged-piece,W-T045,S-9,439,LRH COMM,room of target symbol tag (point inside room region),439,False,inside S-9 piece outline (3.0 pt from edge)
W-C31,A06.04B (west),MFN-402,,"1021.8, 721.7, 1075.8, 734.6",1,"[1021.8, 728.1], [1005.2, 728.1], [1005.2, 780.8]","1005.2, 780.8","-11.07, -15.44",geometric chain from dot to label; segments drawn in the same annotation group as the label box,tagged-piece,W-T054,S-9,437,ESTO INTERVIEW,room of target symbol tag (point inside room region),441,True,0.0 pt from S-9 piece mask
W-C32,A06.04B (west),MFN-400,TYP,"724.0, 737.1, 778.0, 750.1",0,"[793.4, 743.6], [889.5, 743.5]","889.5, 743.5","-23.92, -11.29",geometric chain from dot to label; segments drawn in the same annotation group as the label box,tagged-piece,W-T050,S-5,438,ESTO NW OFFICE,room of target symbol tag (point inside room region),439,True,inside S-5 piece outline (3.4 pt from edge)
W-C33,A06.04B (west),WTR-500,TYP,"724.0, 775.7, 778.0, 788.6",0,"[793.4, 782.1], [865.8, 782.0]","865.8, 782.0","-26.56, -15.57",geometric chain from dot to label; segments drawn in the same annotation group as the label box,window-bay,W-W07,,438,ESTO NW OFFICE,interior side of glazing pane (single room on interior side),439,True,leader ends on exterior glazing (1.7 pt from pane W-W07)
W-C34,A06.04B (west),AUD-300.1LF,,"1019.4, 780.2, 1073.4, 793.2",1,"[1046.4, 793.2], [1046.4, 808.5], [1024.8, 808.4]","1024.8, 808.4","-8.89, -18.5",geometric chain from dot to label; segments drawn in the same annotation group as the label box,tagged-piece,W-T094,D-6,437,ESTO INTERVIEW,room of target symbol tag (point inside room region),437,False,0.1 pt from D-6 piece mask
W-C35,A06.04B (west),MFN-400,TYP,"1553.1, 831.2, 1607.1, 844.2",0,"[1553.1, 837.7], [1537.2, 837.6]","1537.2, 837.6","48.04, -21.74",geometric chain from dot to label; segments drawn in the same annotation group as the label box,tagged-piece,W-T068,S-5,433A,CENTRAL FILES,room of target symbol tag (point inside room region),433A,False,inside S-5 piece outline (4.0 pt from edge)
W-C36,A06.04B (west),MFN-301,TYP,"1553.1, 867.7, 1607.1, 880.7",1,"[1553.1, 874.2], [1493.1, 874.2], [1493.1, 857.0]","1493.1, 857.0","43.15, -23.9",geometric chain from dot to label; segments drawn in the same annotation group as the label box,tagged-piece,W-T090,D-13,433A,CENTRAL FILES,room of target symbol tag (point inside room region),433A,False,inside D-13 piece outline (0.1 pt from edge)
W-C37,A06.04B (west),WTR-500,TYP,"1553.1, 885.7, 1607.1, 898.7",1,"[1553.1, 892.2], [1463.2, 892.2], [1463.3, 864.4]","1463.3, 864.4","39.83, -24.72",geometric chain from dot to label; segments drawn in the same annotation group as the label box,window-bay,W-W13,,433A,CENTRAL FILES,interior side of glazing pane (single room on interior side),433A,False,leader ends on exterior glazing (0.2 pt from pane W-W13)
W-C38,A06.04B (west),MFN-320,TYP,"1553.1, 901.5, 1607.1, 914.4",1,"[1553.1, 908.0], [1450.3, 908.0], [1450.4, 848.7]","1450.4, 848.7","38.4, -22.98",geometric chain from dot to label; segments drawn in the same annotation group as the label box,tagged-piece,W-T081,B-11.3,433A,CENTRAL FILES,room of target symbol tag (point inside room region),433A,False,inside B-11.3 piece outline (0.1 pt from edge)
W-C39,A06.04B (west),MFN-323,,"1553.1, 919.7, 1607.1, 932.6",1,"[1553.1, 926.1], [1298.6, 926.1], [1298.7, 860.0]","1298.7, 860.0","21.55, -24.24",geometric chain from dot to label; segments drawn in the same annotation group as the label box,tagged-piece,W-T073,D-8.1,433A,CENTRAL FILES,room of target symbol tag (point inside room region),433A,False,inside D-8.1 piece outline (0.1 pt from edge)
W-C40,A06.04B (west),MFN-325,,"1553.1, 940.5, 1607.1, 953.5",1,"[1553.1, 947.0], [1291.9, 947.0], [1291.9, 806.0]","1291.9, 806.0","20.79, -18.24",geometric chain from dot to label; segments drawn in the same annotation group as the label box,tagged-piece,W-T071,O-3,433A,CENTRAL FILES,room of target symbol tag (point inside room region),433A,False,inside O-3 piece outline (0.1 pt from edge); endpoint on shared edge with ['O-1'] piece; Endpoint lies on the shared edge of O-1 and O-3; no drawing evidence separates them.
W-C41,A06.04B (west),AUD-320,,"1012.3, 943.2, 1066.3, 956.1",1,"[1066.3, 949.7], [1073.6, 949.7], [1073.7, 851.7]","1073.7, 851.7","-3.45, -23.31",geometric chain from dot to label; segments drawn in the same annotation group as the label box,tagged-piece,W-T098,B-5A.4,437,ESTO INTERVIEW,room of target symbol tag (point inside room region),437,False,inside B-5A.4 piece outline (0.1 pt from edge)
W-C42,A06.04B (west),MFN-400,TYP,"1553.1, 959.5, 1607.1, 972.5",1,"[1553.1, 966.0], [1264.2, 966.0], [1264.3, 835.3]","1264.3, 835.3","17.72, -21.49",geometric chain from dot to label; segments drawn in the same annotation group as the label box,tagged-piece,W-T056,S-5,436,ESTATES MANAGER,room of target symbol tag (point inside room region),433A,True,0.1 pt from S-5 piece mask
W-C43,A06.04B (west),MFN-400,,"1012.3, 968.4, 1066.3, 981.3",1,"[1012.3, 974.9], [1005.2, 974.9], [1005.2, 836.1]","1005.2, 836.1","-11.07, -21.58",geometric chain from dot to label; segments drawn in the same annotation group as the label box,tagged-piece,W-T053,S-5,437,ESTO INTERVIEW,room of target symbol tag (point inside room region),438,True,inside S-5 piece outline (0.1 pt from edge)
W-C44,A06.04B (west),WTR-500,TYP,"1553.1, 981.3, 1607.1, 994.3",1,"[1553.1, 987.8], [1213.5, 987.8], [1213.5, 864.4]","1213.5, 864.4","12.08, -24.72",geometric chain from dot to label; segments drawn in the same annotation group as the label box,window-bay,W-W20,,436,ESTATES MANAGER,interior side of glazing pane (single room on interior side),433A,True,leader ends on exterior glazing (0.2 pt from pane W-W20)
W-C45,A06.04B (west),AUD-321,,"1012.3, 990.1, 1066.3, 1003.1",1,"[1012.3, 996.6], [1002.2, 996.6], [1002.3, 859.1]","1002.3, 859.1","-11.39, -24.13",geometric chain from dot to label; segments drawn in the same annotation group as the label box,tagged-piece,W-T099,D-3,437,ESTO INTERVIEW,room of target symbol tag (point inside room region),438,True,inside D-3 piece outline (0.0 pt from edge)
W-C46,A06.04B (west),MFN-417,,"1553.1, 1003.1, 1607.1, 1016.0",1,"[1553.1, 1009.5], [1162.8, 1009.5], [1162.9, 791.7]","1162.9, 791.7","6.45, -16.64",geometric chain from dot to label; segments drawn in the same annotation group as the label box,tagged-piece,W-T057,S-14,436,ESTATES MANAGER,room of target symbol tag (point inside room region),433A,True,inside S-14 piece outline (0.0 pt from edge)
W-C47,A06.04B (west),WTR-500,TYP,"1012.3, 1011.0, 1066.3, 1023.9",1,"[1012.3, 1017.5], [990.4, 1017.5], [990.4, 864.4]","990.4, 864.4","-12.71, -24.72",geometric chain from dot to label; segments drawn in the same annotation group as the label box,window-bay,W-W26,,437,ESTO INTERVIEW,interior side of glazing pane (single room on interior side),438,True,leader ends on exterior glazing (0.2 pt from pane W-W26)
W-C48,A06.04B (west),MFN-900,,"1553.1, 1023.9, 1607.1, 1036.9",1,"[1553.1, 1030.4], [1139.2, 1030.4], [1139.2, 765.5]","1139.2, 765.5","3.83, -13.74",geometric chain from dot to label; segments drawn in the same annotation group as the label box,tagged-piece,W-T058,T-11,436,ESTATES MANAGER,room of target symbol tag (point inside room region),433A,True,inside T-11 piece outline (10.9 pt from edge)
W-C49,A06.04B (west),EQP-900,,"1553.1, 1044.3, 1607.1, 1057.3",1,"[1553.1, 1050.8], [1122.3, 1050.8], [1122.4, 693.2]","1122.4, 693.2","1.96, -5.7",geometric chain from dot to label; segments drawn in the same annotation group as the label box,tagged-piece,W-T102,E-5,442,FINANCE OFFICE,room of target symbol tag (point inside room region),433A,True,inside E-5 piece outline (0.1 pt from edge)
