sheet,room_number,room_name,component_tag,qty_shown,instance_ids,note
A06.04A (east),407,HCO COPE,D11,1,E-T259,"Component tag inside workstation/casework linework; no leader code on these sheets. Listed for completeness, not reconciled to a code."
A06.04A (east),407,HCO COPE,D3,2,"E-T261, E-T262","Component tag inside workstation/casework linework; no leader code on these sheets. Listed for completeness, not reconciled to a code."
A06.04A (east),407,HCO COPE,F3,2,"E-T263, E-T264","Component tag inside workstation/casework linework; no leader code on these sheets. Listed for completeness, not reconciled to a code."
A06.04A (east),407,HCO COPE,P1,1,E-T260,"Component tag inside workstation/casework linework; no leader code on these sheets. Listed for completeness, not reconciled to a code."
A06.04A (east),410,DEPARTMENT 1,CAB15,1,E-T249,"Component tag inside workstation/casework linework; no leader code on these sheets. Listed for completeness, not reconciled to a code."
A06.04A (east),410,DEPARTMENT 1,D11,3,"E-T236, E-T239, E-T242","Component tag inside workstation/casework linework; no leader code on these sheets. Listed for completeness, not reconciled to a code."
A06.04A (east),410,DEPARTMENT 1,D3,3,"E-T237, E-T241, E-T243","Component tag inside workstation/casework linework; no leader code on these sheets. Listed for completeness, not reconciled to a code."
A06.04A (east),410,DEPARTMENT 1,D8,2,"E-T247, E-T248","Component tag inside workstation/casework linework; no leader code on these sheets. Listed for completeness, not reconciled to a code."
A06.04A (east),410,DEPARTMENT 1,F3,2,"E-T245, E-T246","Component tag inside workstation/casework linework; no leader code on these sheets. Listed for completeness, not reconciled to a code."
A06.04A (east),410,DEPARTMENT 1,O1,3,"E-T250, E-T251, E-T252","Component tag inside workstation/casework linework; no leader code on these sheets. Listed for completeness, not reconciled to a code."
A06.04A (east),410,DEPARTMENT 1,P1,3,"E-T238, E-T240, E-T244","Component tag inside workstation/casework linework; no leader code on these sheets. Listed for completeness, not reconciled to a code."
A06.04A (east),411,HCO AREA SECRETARY,B5A,1,E-T254,"Component tag inside workstation/casework linework; no leader code on these sheets. Listed for completeness, not reconciled to a code."
A06.04A (east),411,HCO AREA SECRETARY,D11,1,E-T255,"Component tag inside workstation/casework linework; no leader code on these sheets. Listed for completeness, not reconciled to a code."
A06.04A (east),411,HCO AREA SECRETARY,D3,2,"E-T257, E-T258","Component tag inside workstation/casework linework; no leader code on these sheets. Listed for completeness, not reconciled to a code."
A06.04A (east),411,HCO AREA SECRETARY,F3,1,E-T253,"Component tag inside workstation/casework linework; no leader code on these sheets. Listed for completeness, not reconciled to a code."
A06.04A (east),411,HCO AREA SECRETARY,P1,1,E-T256,"Component tag inside workstation/casework linework; no leader code on these sheets. Listed for completeness, not reconciled to a code."
A06.04A (east),421,DEPARTMENT 3,CAB15,2,"E-T291, E-T292","Component tag inside workstation/casework linework; no leader code on these sheets. Listed for completeness, not reconciled to a code."
A06.04A (east),421,DEPARTMENT 3,CAB2,1,E-T293,"Component tag inside workstation/casework linework; no leader code on these sheets. Listed for completeness, not reconciled to a code."
A06.04A (east),421,DEPARTMENT 3,CAB5,1,E-T294,"Component tag inside workstation/casework linework; no leader code on these sheets. Listed for completeness, not reconciled to a code."
A06.04A (east),421,DEPARTMENT 3,D11,4,"E-T296, E-T298, E-T302, E-T305","Component tag inside workstation/casework linework; no leader code on these sheets. Listed for completeness, not reconciled to a code."
A06.04A (east),421,DEPARTMENT 3,D3,5,"E-T299, E-T300, E-T303, E-T306, E-T307","Component tag inside workstation/casework linework; no leader code on these sheets. Listed for completeness, not reconciled to a code."
A06.04A (east),421,DEPARTMENT 3,P1,4,"E-T295, E-T297, E-T301, E-T304","Component tag inside workstation/casework linework; no leader code on these sheets. Listed for completeness, not reconciled to a code."
A06.04A (east),422,MIMEO FILES,O4,2,"E-T289, E-T290","Component tag inside workstation/casework linework; no leader code on these sheets. Listed for completeness, not reconciled to a code."
A06.04A (east),423,DEPARTMENT 2,CAB1,3,"E-T284, E-T285, E-T286","Component tag inside workstation/casework linework; no leader code on these sheets. Listed for completeness, not reconciled to a code."
A06.04A (east),423,DEPARTMENT 2,D8,2,"E-T282, E-T283","Component tag inside workstation/casework linework; no leader code on these sheets. Listed for completeness, not reconciled to a code."
A06.04A (east),423,DEPARTMENT 2,O1,1,E-T287,"Component tag inside workstation/casework linework; no leader code on these sheets. Listed for completeness, not reconciled to a code."
A06.04A (east),423,DEPARTMENT 2,O4,1,E-T288,"Component tag inside workstation/casework linework; no leader code on these sheets. Listed for completeness, not reconciled to a code."
A06.04A (east),423,DEPARTMENT 2,P1,1,E-T281,"Component tag inside workstation/casework linework; no leader code on these sheets. Listed for completeness, not reconciled to a code."
A06.04A (east),424,PROCURMENT OFFICER,B5A,2,"E-T277, E-T280","Component tag inside workstation/casework linework; no leader code on these sheets. Listed for completeness, not reconciled to a code."
A06.04A (east),424,PROCURMENT OFFICER,CAB15,1,E-T279,"Component tag inside workstation/casework linework; no leader code on these sheets. Listed for completeness, not reconciled to a code."
A06.04A (east),424,PROCURMENT OFFICER,D11,1,E-T275,"Component tag inside workstation/casework linework; no leader code on these sheets. Listed for completeness, not reconciled to a code."
A06.04A (east),424,PROCURMENT OFFICER,F3,1,E-T278,"Component tag inside workstation/casework linework; no leader code on these sheets. Listed for completeness, not reconciled to a code."
A06.04A (east),424,PROCURMENT OFFICER,P1,1,E-T276,"Component tag inside workstation/casework linework; no leader code on these sheets. Listed for completeness, not reconciled to a code."
A06.04A (east),428,CLOSET,B1,2,"E-T273, E-T274","Component tag inside workstation/casework linework; no leader code on these sheets. Listed for completeness, not reconciled to a code."
A06.04A (east),430,HCO BACK FILES,B1,7,"E-T266, E-T267, E-T268, E-T269, E-T270, E-T271, E-T272","Component tag inside workstation/casework linework; no leader code on these sheets. Listed for completeness, not reconciled to a code."
A06.04A (east),432,PANTRY,B1,1,E-T265,"Component tag inside workstation/casework linework; no leader code on these sheets. Listed for completeness, not reconciled to a code."
A06.04A (east),452,BOOKSTOCKS,B1,16,"E-T163, E-T164, E-T165, E-T166, E-T167, E-T168, E-T169, E-T170, E-T171, E-T172, E-T175, E-T176, E-T177, E-T178, E-T179, E-T180","Component tag inside workstation/casework linework; no leader code on these sheets. Listed for completeness, not reconciled to a code."
A06.04A (east),452,BOOKSTOCKS,D8,1,E-T173,"Component tag inside workstation/casework linework; no leader code on these sheets. Listed for completeness, not reconciled to a code."
A06.04A (east),452,BOOKSTOCKS,O1,2,"E-T181, E-T182","Component tag inside workstation/casework linework; no leader code on these sheets. Listed for completeness, not reconciled to a code."
A06.04A (east),452,BOOKSTOCKS,P1,1,E-T174,"Component tag inside workstation/casework linework; no leader code on these sheets. Listed for completeness, not reconciled to a code."
A06.04A (east),453,PROMOTION & MARKETING,CAB15,2,"E-T194, E-T206","Component tag inside workstation/casework linework; no leader code on these sheets. Listed for completeness, not reconciled to a code."
A06.04A (east),453,PROMOTION & MARKETING,CAB2,1,E-T195,"Component tag inside workstation/casework linework; no leader code on these sheets. Listed for completeness, not reconciled to a code."
A06.04A (east),453,PROMOTION & MARKETING,CAB8,1,E-T215,"Component tag inside workstation/casework linework; no leader code on these sheets. Listed for completeness, not reconciled to a code."
A06.04A (east),453,PROMOTION & MARKETING,CAB9,1,E-T214,"Component tag inside workstation/casework linework; no leader code on these sheets. Listed for completeness, not reconciled to a code."
A06.04A (east),453,PROMOTION & MARKETING,D11,3,"E-T183, E-T186, E-T188","Component tag inside workstation/casework linework; no leader code on these sheets. Listed for completeness, not reconciled to a code."
A06.04A (east),453,PROMOTION & MARKETING,D3,4,"E-T184, E-T189, E-T191, E-T192","Component tag inside workstation/casework linework; no leader code on these sheets. Listed for completeness, not reconciled to a code."
A06.04A (east),453,PROMOTION & MARKETING,D8,5,"E-T196, E-T197, E-T207, E-T210, E-T211","Component tag inside workstation/casework linework; no leader code on these sheets. Listed for completeness, not reconciled to a code."
A06.04A (east),453,PROMOTION & MARKETING,F3,1,E-T193,"Component tag inside workstation/casework linework; no leader code on these sheets. Listed for completeness, not reconciled to a code."
A06.04A (east),453,PROMOTION & MARKETING,F4,1,E-T213,"Component tag inside workstation/casework linework; no leader code on these sheets. Listed for completeness, not reconciled to a code."
A06.04A (east),453,PROMOTION & MARKETING,F5,1,E-T212,"Component tag inside workstation/casework linework; no leader code on these sheets. Listed for completeness, not reconciled to a code."
A06.04A (east),453,PROMOTION & MARKETING,O4,8,"E-T198, E-T199, E-T200, E-T201, E-T202, E-T203, E-T204, E-T205","Component tag inside workstation/casework linework; no leader code on these sheets. Listed for completeness, not reconciled to a code."
A06.04A (east),453,PROMOTION & MARKETING,P1,5,"E-T185, E-T187, E-T190, E-T208, E-T209","Component tag inside workstation/casework linework; no leader code on these sheets. Listed for completeness, not reconciled to a code."
A06.04A (east),456,TREASURY,CAB2,1,E-T229,"Component tag inside workstation/casework linework; no leader code on these sheets. Listed for completeness, not reconciled to a code."
A06.04A (east),456,TREASURY,D11,4,"E-T216, E-T221, E-T224, E-T233","Component tag inside workstation/casework linework; no leader code on these sheets. Listed for completeness, not reconciled to a code."
A06.04A (east),456,TREASURY,D3,5,"E-T217, E-T219, E-T223, E-T226, E-T234","Component tag inside workstation/casework linework; no leader code on these sheets. Listed for completeness, not reconciled to a code."
A06.04A (east),456,TREASURY,D8,1,E-T230,"Component tag inside workstation/casework linework; no leader code on these sheets. Listed for completeness, not reconciled to a code."
A06.04A (east),456,TREASURY,F3,3,"E-T220, E-T227, E-T228","Component tag inside workstation/casework linework; no leader code on these sheets. Listed for completeness, not reconciled to a code."
A06.04A (east),456,TREASURY,O1,2,"E-T231, E-T232","Component tag inside workstation/casework linework; no leader code on these sheets. Listed for completeness, not reconciled to a code."
A06.04A (east),456,TREASURY,P1,4,"E-T218, E-T222, E-T225, E-T235","Component tag inside workstation/casework linework; no leader code on these sheets. Listed for completeness, not reconciled to a code."
A06.04B (west),435,CLEANING CLOSET,B1,1,W-T187,"Component tag inside workstation/casework linework; no leader code on these sheets. Listed for completeness, not reconciled to a code."
A06.04B (west),436,ESTATES MANAGER,CAB14,3,"W-T202, W-T203, W-T204","Component tag inside workstation/casework linework; no leader code on these sheets. Listed for completeness, not reconciled to a code."
A06.04B (west),436,ESTATES MANAGER,CAB2,1,W-T205,"Component tag inside workstation/casework linework; no leader code on these sheets. Listed for completeness, not reconciled to a code."
A06.04B (west),436,ESTATES MANAGER,D8,3,"W-T206, W-T208, W-T209","Component tag inside workstation/casework linework; no leader code on these sheets. Listed for completeness, not reconciled to a code."
A06.04B (west),436,ESTATES MANAGER,F5,1,W-T207,"Component tag inside workstation/casework linework; no leader code on these sheets. Listed for completeness, not reconciled to a code."
A06.04B (west),436,ESTATES MANAGER,P1,2,"W-T210, W-T211","Component tag inside workstation/casework linework; no leader code on these sheets. Listed for completeness, not reconciled to a code."
A06.04B (west),438,ESTO NW OFFICE,B5A,1,W-T191,"Component tag inside workstation/casework linework; no leader code on these sheets. Listed for completeness, not reconciled to a code."
A06.04B (west),438,ESTO NW OFFICE,CAB2,1,W-T190,"Component tag inside workstation/casework linework; no leader code on these sheets. Listed for completeness, not reconciled to a code."
A06.04B (west),438,ESTO NW OFFICE,D11,3,"W-T194, W-T197, W-T200","Component tag inside workstation/casework linework; no leader code on these sheets. Listed for completeness, not reconciled to a code."
A06.04B (west),438,ESTO NW OFFICE,D3,2,"W-T195, W-T199","Component tag inside workstation/casework linework; no leader code on these sheets. Listed for completeness, not reconciled to a code."
A06.04B (west),438,ESTO NW OFFICE,D8,2,"W-T192, W-T193","Component tag inside workstation/casework linework; no leader code on these sheets. Listed for completeness, not reconciled to a code."
A06.04B (west),438,ESTO NW OFFICE,F3,2,"W-T188, W-T189","Component tag inside workstation/casework linework; no leader code on these sheets. Listed for completeness, not reconciled to a code."
A06.04B (west),438,ESTO NW OFFICE,P1,3,"W-T196, W-T198, W-T201","Component tag inside workstation/casework linework; no leader code on these sheets. Listed for completeness, not reconciled to a code."
A06.04B (west),439,LRH COMM,B5A,1,W-T165,"Component tag inside workstation/casework linework; no leader code on these sheets. Listed for completeness, not reconciled to a code."
A06.04B (west),439,LRH COMM,D11,1,W-T161,"Component tag inside workstation/casework linework; no leader code on these sheets. Listed for completeness, not reconciled to a code."
A06.04B (west),439,LRH COMM,D3,1,W-T162,"Component tag inside workstation/casework linework; no leader code on these sheets. Listed for completeness, not reconciled to a code."
A06.04B (west),439,LRH COMM,F3,1,W-T164,"Component tag inside workstation/casework linework; no leader code on these sheets. Listed for completeness, not reconciled to a code."
A06.04B (west),439,LRH COMM,P1,1,W-T163,"Component tag inside workstation/casework linework; no leader code on these sheets. Listed for completeness, not reconciled to a code."
A06.04B (west),440,EXEC ESTO,B5A,1,W-T167,"Component tag inside workstation/casework linework; no leader code on these sheets. Listed for completeness, not reconciled to a code."
A06.04B (west),440,EXEC ESTO,D11,1,W-T168,"Component tag inside workstation/casework linework; no leader code on these sheets. Listed for completeness, not reconciled to a code."
A06.04B (west),440,EXEC ESTO,D3,1,W-T170,"Component tag inside workstation/casework linework; no leader code on these sheets. Listed for completeness, not reconciled to a code."
A06.04B (west),440,EXEC ESTO,F3,1,W-T166,"Component tag inside workstation/casework linework; no leader code on these sheets. Listed for completeness, not reconciled to a code."
A06.04B (west),440,EXEC ESTO,P1,1,W-T169,"Component tag inside workstation/casework linework; no leader code on these sheets. Listed for completeness, not reconciled to a code."
A06.04B (west),441,ADMIN,O4,2,"W-T171, W-T172","Component tag inside workstation/casework linework; no leader code on these sheets. Listed for completeness, not reconciled to a code."
A06.04B (west),442,FINANCE OFFICE,CAB2,2,"W-T182, W-T183","Component tag inside workstation/casework linework; no leader code on these sheets. Listed for completeness, not reconciled to a code."
A06.04B (west),442,FINANCE OFFICE,D11,2,"W-T175, W-T178","Component tag inside workstation/casework linework; no leader code on these sheets. Listed for completeness, not reconciled to a code."
A06.04B (west),442,FINANCE OFFICE,D3,3,"W-T176, W-T180, W-T181","Component tag inside workstation/casework linework; no leader code on these sheets. Listed for completeness, not reconciled to a code."
A06.04B (west),442,FINANCE OFFICE,D8,1,W-T184,"Component tag inside workstation/casework linework; no leader code on these sheets. Listed for completeness, not reconciled to a code."
A06.04B (west),442,FINANCE OFFICE,F3,2,"W-T173, W-T174","Component tag inside workstation/casework linework; no leader code on these sheets. Listed for completeness, not reconciled to a code."
A06.04B (west),442,FINANCE OFFICE,O1,2,"W-T185, W-T186","Component tag inside workstation/casework linework; no leader code on these sheets. Listed for completeness, not reconciled to a code."
A06.04B (west),442,FINANCE OFFICE,P1,2,"W-T177, W-T179","Component tag inside workstation/casework linework; no leader code on these sheets. Listed for completeness, not reconciled to a code."
A06.04B (west),443,EXECUTIVES OFFICE,D11,8,"W-T133, W-T134, W-T139, W-T140, W-T145, W-T146, W-T151, W-T152","Component tag inside workstation/casework linework; no leader code on these sheets. Listed for completeness, not reconciled to a code."
A06.04B (west),443,EXECUTIVES OFFICE,D3,12,"W-T135, W-T138, W-T141, W-T144, W-T147, W-T150, W-T153, W-T156, W-T157, W-T158, W-T159, W-T160","Component tag inside workstation/casework linework; no leader code on these sheets. Listed for completeness, not reconciled to a code."
A06.04B (west),443,EXECUTIVES OFFICE,F3,10,"W-T123, W-T124, W-T125, W-T126, W-T127, W-T128, W-T129, W-T130, W-T131, W-T132","Component tag inside workstation/casework linework; no leader code on these sheets. Listed for completeness, not reconciled to a code."
A06.04B (west),443,EXECUTIVES OFFICE,P1,8,"W-T136, W-T137, W-T142, W-T143, W-T148, W-T149, W-T154, W-T155","Component tag inside workstation/casework linework; no leader code on these sheets. Listed for completeness, not reconciled to a code."
A06.04B (west),444,EXECUTIVE DIRECTOR DAY,D11,2,"W-T104, W-T106","Component tag inside workstation/casework linework; no leader code on these sheets. Listed for completeness, not reconciled to a code."
A06.04B (west),444,EXECUTIVE DIRECTOR DAY,D3,1,W-T109,"Component tag inside workstation/casework linework; no leader code on these sheets. Listed for completeness, not reconciled to a code."
A06.04B (west),444,EXECUTIVE DIRECTOR DAY,D8,1,W-T110,"Component tag inside workstation/casework linework; no leader code on these sheets. Listed for completeness, not reconciled to a code."
A06.04B (west),444,EXECUTIVE DIRECTOR DAY,F3,2,"W-T107, W-T108","Component tag inside workstation/casework linework; no leader code on these sheets. Listed for completeness, not reconciled to a code."
A06.04B (west),444,EXECUTIVE DIRECTOR DAY,P1,2,"W-T103, W-T105","Component tag inside workstation/casework linework; no leader code on these sheets. Listed for completeness, not reconciled to a code."
A06.04B (west),445,DIRECTOR FOUNDATION,D11,2,"W-T112, W-T118","Component tag inside workstation/casework linework; no leader code on these sheets. Listed for completeness, not reconciled to a code."
A06.04B (west),445,DIRECTOR FOUNDATION,D3,1,W-T116,"Component tag inside workstation/casework linework; no leader code on these sheets. Listed for completeness, not reconciled to a code."
A06.04B (west),445,DIRECTOR FOUNDATION,D8,1,W-T115,"Component tag inside workstation/casework linework; no leader code on these sheets. Listed for completeness, not reconciled to a code."
A06.04B (west),445,DIRECTOR FOUNDATION,F3,2,"W-T113, W-T114","Component tag inside workstation/casework linework; no leader code on these sheets. Listed for completeness, not reconciled to a code."
A06.04B (west),445,DIRECTOR FOUNDATION,P1,2,"W-T111, W-T117","Component tag inside workstation/casework linework; no leader code on these sheets. Listed for completeness, not reconciled to a code."
A06.04B (west),446,FLAG REP,D11,1,W-T120,"Component tag inside workstation/casework linework; no leader code on these sheets. Listed for completeness, not reconciled to a code."
A06.04B (west),446,FLAG REP,D3,1,W-T119,"Component tag inside workstation/casework linework; no leader code on these sheets. Listed for completeness, not reconciled to a code."
A06.04B (west),446,FLAG REP,F3,1,W-T122,"Component tag inside workstation/casework linework; no leader code on these sheets. Listed for completeness, not reconciled to a code."
A06.04B (west),446,FLAG REP,P1,1,W-T121,"Component tag inside workstation/casework linework; no leader code on these sheets. Listed for completeness, not reconciled to a code."
A06.04B (west),448,INVEST/ LEGAL,B5A,2,"W-T217, W-T218","Component tag inside workstation/casework linework; no leader code on these sheets. Listed for completeness, not reconciled to a code."
A06.04B (west),448,INVEST/ LEGAL,D11,2,"W-T212, W-T215","Component tag inside workstation/casework linework; no leader code on these sheets. Listed for completeness, not reconciled to a code."
A06.04B (west),448,INVEST/ LEGAL,D3,2,"W-T213, W-T237","Component tag inside workstation/casework linework; no leader code on these sheets. Listed for completeness, not reconciled to a code."
A06.04B (west),448,INVEST/ LEGAL,P1,2,"W-T214, W-T216","Component tag inside workstation/casework linework; no leader code on these sheets. Listed for completeness, not reconciled to a code."
A06.04B (west),449,SOCIAL REFORM / PR,B5A,2,"W-T223, W-T224","Component tag inside workstation/casework linework; no leader code on these sheets. Listed for completeness, not reconciled to a code."
A06.04B (west),449,SOCIAL REFORM / PR,CAB2,1,W-T225,"Component tag inside workstation/casework linework; no leader code on these sheets. Listed for completeness, not reconciled to a code."
A06.04B (west),449,SOCIAL REFORM / PR,D11,2,"W-T219, W-T221","Component tag inside workstation/casework linework; no leader code on these sheets. Listed for completeness, not reconciled to a code."
A06.04B (west),449,SOCIAL REFORM / PR,D3,2,"W-T228, W-T229","Component tag inside workstation/casework linework; no leader code on these sheets. Listed for completeness, not reconciled to a code."
A06.04B (west),449,SOCIAL REFORM / PR,D8,1,W-T226,"Component tag inside workstation/casework linework; no leader code on these sheets. Listed for completeness, not reconciled to a code."
A06.04B (west),449,SOCIAL REFORM / PR,F3,1,W-T227,"Component tag inside workstation/casework linework; no leader code on these sheets. Listed for completeness, not reconciled to a code."
A06.04B (west),449,SOCIAL REFORM / PR,P1,2,"W-T220, W-T222","Component tag inside workstation/casework linework; no leader code on these sheets. Listed for completeness, not reconciled to a code."
A06.04B (west),450,DIRECTOR SPECIAL AFFAIRS,B5A,1,W-T235,"Component tag inside workstation/casework linework; no leader code on these sheets. Listed for completeness, not reconciled to a code."
A06.04B (west),450,DIRECTOR SPECIAL AFFAIRS,B8,1,W-T236,"Component tag inside workstation/casework linework; no leader code on these sheets. Listed for completeness, not reconciled to a code."
A06.04B (west),450,DIRECTOR SPECIAL AFFAIRS,CAB15,2,"W-T238, W-T239","Component tag inside workstation/casework linework; no leader code on these sheets. Listed for completeness, not reconciled to a code."
A06.04B (west),450,DIRECTOR SPECIAL AFFAIRS,CAB2,1,W-T233,"Component tag inside workstation/casework linework; no leader code on these sheets. Listed for completeness, not reconciled to a code."
A06.04B (west),450,DIRECTOR SPECIAL AFFAIRS,D11,1,W-T231,"Component tag inside workstation/casework linework; no leader code on these sheets. Listed for completeness, not reconciled to a code."
A06.04B (west),450,DIRECTOR SPECIAL AFFAIRS,D3,1,W-T232,"Component tag inside workstation/casework linework; no leader code on these sheets. Listed for completeness, not reconciled to a code."
A06.04B (west),450,DIRECTOR SPECIAL AFFAIRS,F3,1,W-T234,"Component tag inside workstation/casework linework; no leader code on these sheets. Listed for completeness, not reconciled to a code."
A06.04B (west),450,DIRECTOR SPECIAL AFFAIRS,P1,1,W-T230,"Component tag inside workstation/casework linework; no leader code on these sheets. Listed for completeness, not reconciled to a code."
