code,code_labels_on_sheets,labels_marked_TYP,rooms_with_code,plan_quantity_counted,unit,note
AUD-300.1LF,1,0,1,1,assembly,label count equals counted quantity
AUD-300.2R,5,0,5,5,assembly,label count equals counted quantity
AUD-320,1,0,1,2,each,label count differs from counted quantity
AUD-321,1,0,1,1,each,label count equals counted quantity
AUD-400,5,0,5,5,each,label count equals counted quantity
CC-900,5,2,5,21,each,label count differs from counted quantity
CRM-301.3,1,0,1,1,each,label count equals counted quantity
CRM-325,1,0,1,2,each,label count differs from counted quantity
CRM-400,1,1,1,6,each,label count differs from counted quantity
DIN-301,1,1,1,4,each,label count differs from counted quantity
DIN-400,1,1,1,24,each,label count differs from counted quantity
EQP-900,2,0,2,2,each,label count equals counted quantity
HDF-900,5,0,5,5,system (assembly),label count equals counted quantity
MFN-301,1,1,1,12,each,label count differs from counted quantity
MFN-305,2,1,2,3,each,label count differs from counted quantity
MFN-306,1,0,1,1,each,label count equals counted quantity
MFN-307,1,0,1,1,each,label count equals counted quantity
MFN-312,1,0,1,2,each,label count differs from counted quantity
MFN-313,1,0,1,2,each,label count differs from counted quantity
MFN-314,1,0,1,1,each,label count equals counted quantity
MFN-315,1,0,1,1,each,label count equals counted quantity
MFN-316,1,0,1,2,each,label count differs from counted quantity
MFN-317,1,0,1,1,each,label count equals counted quantity
MFN-320,1,1,1,8,each,label count differs from counted quantity
MFN-323,2,1,2,4,each,label count differs from counted quantity
MFN-325,1,0,1,1,each,label count equals counted quantity
MFN-326,1,0,1,1,each,label count equals counted quantity
MFN-400,34,16,31,71,each,label count differs from counted quantity
MFN-401,4,3,4,8,each,label count differs from counted quantity
MFN-402,8,5,8,13,each,label count differs from counted quantity
MFN-405,1,1,1,2,each,label count differs from counted quantity
MFN-410,1,1,1,4,each,label count differs from counted quantity
MFN-412,1,0,1,1,each,label count equals counted quantity
MFN-414,1,1,1,8,each,label count differs from counted quantity
MFN-415,2,0,1,20,each,label count differs from counted quantity
MFN-416,1,0,1,2,each,label count differs from counted quantity
MFN-417,1,0,1,1,each,label count equals counted quantity
MFN-900,1,0,1,1,each,label count equals counted quantity
RR-700,1,0,1,1,each,label count equals counted quantity
RR-701,1,0,1,1,each,label count equals counted quantity
RR-702,4,0,4,4,each,label count equals counted quantity
WTR-500,21,21,21,105,glazing bay,label count differs from counted quantity
