room_number,drawing_code,plan_qty,model_qty,difference,status,plan_row_ids,model_globalids
406,MFN-307,1,,,model not supplied,R001,
406,MFN-400,1,,,model not supplied,R002,
406,MFN-405,2,,,model not supplied,R003,
407,MFN-400,1,,,model not supplied,R004,
407,MFN-401,2,,,model not supplied,R005,
410,MFN-400,3,,,model not supplied,R006,
410,WTR-500,3,,,model not supplied,R007,
411,MFN-400,1,,,model not supplied,R008,
411,MFN-401,2,,,model not supplied,R009,
412,CRM-301.3,1,,,model not supplied,R010,
412,CRM-325,2,,,model not supplied,R011,
412,CRM-400,6,,,model not supplied,R012,
413,CC-900,3,,,model not supplied,R013,
414,AUD-300.2R,1,,,model not supplied,R014,
414,AUD-400,1,,,model not supplied,R015,
414,MFN-400,1,,,model not supplied,R016,
415,AUD-300.2R,1,,,model not supplied,R017,
415,AUD-400,1,,,model not supplied,R018,
415,MFN-400,1,,,model not supplied,R019,
416,AUD-300.2R,1,,,model not supplied,R020,
416,AUD-400,1,,,model not supplied,R021,
416,MFN-400,1,,,model not supplied,R022,
417,AUD-300.2R,1,,,model not supplied,R023,
417,AUD-400,1,,,model not supplied,R024,
417,MFN-400,1,,,model not supplied,R025,
418,AUD-300.2R,1,,,model not supplied,R026,
418,AUD-400,1,,,model not supplied,R027,
418,MFN-400,1,,,model not supplied,R028,
419,RR-702,1,,,model not supplied,R029,
421,HDF-900,1,,,model not supplied,R030,
421,MFN-400,4,,,model not supplied,R031,
421,WTR-500,11,,,model not supplied,R032,
422,HDF-900,1,,,model not supplied,R033,
422,WTR-500,4,,,model not supplied,R034,
423,CC-900,9,,,model not supplied,R035,
423,MFN-400,1,,,model not supplied,R036,
423,WTR-500,4,,,model not supplied,R037,
424,MFN-305,1,,,model not supplied,R038,
424,MFN-400,1,,,model not supplied,R039,
424,MFN-401,2,,,model not supplied,R040,
424,WTR-500,2,,,model not supplied,R041,
427,MFN-312,2,,,model not supplied,R042,
427,MFN-313,2,,,model not supplied,R043,
427,MFN-314,1,,,model not supplied,R044,
427,MFN-315,1,,,model not supplied,R045,
427,MFN-316,2,,,model not supplied,R046,
427,MFN-317,1,,,model not supplied,R047,
427,MFN-400,1,,,model not supplied,R048,
427,MFN-415,20,,,model not supplied,R049,
427,MFN-416,2,,,model not supplied,R050,
429,RR-702,1,,,model not supplied,R051,
431,DIN-301,4,,,model not supplied,R052,
431,DIN-400,24,,,model not supplied,R053,
431,WTR-500,6,,,model not supplied,R054,
433B,HDF-900,1,,,model not supplied,R055,
433B,MFN-323,3,,,model not supplied,R056,
433B,MFN-326,1,,,model not supplied,R057,
433B,MFN-400,3,,,model not supplied,R058,
433B,WTR-500,8,,,model not supplied,R059,
452,MFN-400,1,,,model not supplied,R060,
452,WTR-500,3,,,model not supplied,R061,
453,CC-900,3,,,model not supplied,R062,
453,MFN-400,5,,,model not supplied,R063,
453,MFN-402,2,,,model not supplied,R064,
453,WTR-500,10,,,model not supplied,R065,
456,CC-900,3,,,model not supplied,R066,
456,EQP-900,1,,,model not supplied,R067,
456,HDF-900,1,,,model not supplied,R068,
456,MFN-400,4,,,model not supplied,R069,
456,MFN-402,2,,,model not supplied,R070,
456,WTR-500,7,,,model not supplied,R071,
457,RR-700,1,,,model not supplied,R072,
457,RR-702,1,,,model not supplied,R073,
460,RR-701,1,,,model not supplied,R074,
460,RR-702,1,,,model not supplied,R075,
433A,MFN-301,12,,,model not supplied,R076,
433A,MFN-320,8,,,model not supplied,R077,
433A,MFN-323,1,,,model not supplied,R078,
433A,MFN-325,1,,,model not supplied,R079,
433A,MFN-400,12,,,model not supplied,R080,
433A,WTR-500,8,,,model not supplied,R081,
436,MFN-400,2,,,model not supplied,R082,
436,MFN-417,1,,,model not supplied,R083,
436,MFN-900,1,,,model not supplied,R084,
436,WTR-500,6,,,model not supplied,R085,
437,AUD-300.1LF,1,,,model not supplied,R086,
437,AUD-320,2,,,model not supplied,R087,
437,AUD-321,1,,,model not supplied,R088,
437,MFN-400,1,,,model not supplied,R089,
437,MFN-402,1,,,model not supplied,R090,
437,WTR-500,3,,,model not supplied,R091,
438,MFN-400,3,,,model not supplied,R092,
438,WTR-500,7,,,model not supplied,R093,
439,MFN-400,1,,,model not supplied,R094,
439,MFN-402,2,,,model not supplied,R095,
439,WTR-500,2,,,model not supplied,R096,
440,MFN-400,1,,,model not supplied,R097,
440,MFN-402,1,,,model not supplied,R098,
442,EQP-900,1,,,model not supplied,R099,
442,MFN-400,2,,,model not supplied,R100,
443,CC-900,3,,,model not supplied,R101,
443,MFN-400,8,,,model not supplied,R102,
443,WTR-500,3,,,model not supplied,R103,
444,MFN-400,2,,,model not supplied,R104,
444,MFN-402,2,,,model not supplied,R105,
444,WTR-500,3,,,model not supplied,R106,
445,MFN-400,2,,,model not supplied,R107,
445,MFN-402,2,,,model not supplied,R108,
445,WTR-500,3,,,model not supplied,R109,
446,MFN-400,1,,,model not supplied,R110,
446,MFN-402,1,,,model not supplied,R111,
447,MFN-414,8,,,model not supplied,R112,
447,WTR-500,5,,,model not supplied,R113,
448,HDF-900,1,,,model not supplied,R114,
448,MFN-400,2,,,model not supplied,R115,
448,WTR-500,4,,,model not supplied,R116,
449,MFN-400,2,,,model not supplied,R117,
449,WTR-500,3,,,model not supplied,R118,
450,MFN-400,1,,,model not supplied,R119,
450,MFN-401,2,,,model not supplied,R120,
451,MFN-305,2,,,model not supplied,R121,
451,MFN-306,1,,,model not supplied,R122,
451,MFN-410,4,,,model not supplied,R123,
451,MFN-412,1,,,model not supplied,R124,
