sheet,number,name,tag_box,tag_leader_endpoint,seed_method,boundary_method,boundary_confidence,area_sqft
A06.04A (east),401,ELEVATORS,"312.8587341308594, 697.2593383789062, 342.0185852050781, 708.5389404296875",,room-tag position (no leader),enclosed by walls/doors after closing gaps < 48 px (16 pt),High,186.1
A06.04A (east),403,ELEC CLOSET,"155.17990112304688, 706.9786376953125, 184.45932006835938, 718.2603759765625",,room-tag position (no leader),enclosed by walls/doors after closing gaps < 48 px (16 pt),High,32.5
A06.04A (east),404,ELEC CLOSET,"126.97854614257812, 624.7781372070312, 156.26004028320312, 636.0598754882812","183.14004516601562, 642.6580200195312",room-tag leader endpoint,enclosed by walls/doors after closing gaps < 48 px (16 pt),High,15.4
A06.04A (east),405,HALLWAY,"381.7387390136719, 627.1795654296875, 411.0181579589844, 638.4593505859375",,room-tag position (no leader),enclosed by walls/doors after closing gaps < 48 px (16 pt),High,531.7
A06.04A (east),406,HCO RECEPTION,"1000.2200927734375, 706.498291015625, 1029.49951171875, 717.6605224609375",,room-tag position (no leader),"open to 420,416,408,409,412; core isolated by closing gaps < 96 px (32 pt), extended to opening by geodesic split",Medium,555.5
A06.04A (east),407,HCO COPE,"869.7799072265625, 555.2982788085938, 899.059326171875, 566.5800170898438",,room-tag position (no leader),enclosed by walls/doors after closing gaps < 48 px (16 pt),High,106.5
A06.04A (east),408,COAT CLOSET,"971.29931640625, 562.3790283203125, 1000.4591064453125, 573.5391845703125","985.9389038085938, 520.9190063476562",room-tag leader endpoint,"open to 420,416,409,406,412; no isolating closing radius found - geodesic split from tag point (LOW CONFIDENCE)",Low,5.1
A06.04A (east),409,COAT CLOSET,"1009.2198486328125, 561.5379638671875, 1038.3797607421875, 572.8197631835938","1024.0389404296875, 520.3790283203125",room-tag leader endpoint,"open to 420,416,408,406,412; no isolating closing radius found - geodesic split from tag point (LOW CONFIDENCE)",Low,4.6
A06.04A (east),410,DEPARTMENT 1,"903.49951171875, 296.5782470703125, 932.7789306640625, 307.8599853515625","918.1989135742188, 374.15899658203125",room-tag leader endpoint,enclosed by walls/doors after closing gaps < 48 px (16 pt),High,189.9
A06.04A (east),411,HCO AREA SECRETARY,"974.539794921875, 296.5782470703125, 1003.6995849609375, 307.8599853515625","989.179443359375, 371.81951904296875",room-tag leader endpoint,enclosed by walls/doors after closing gaps < 48 px (16 pt),High,123.8
A06.04A (east),412,WORK AREA,"1107.859619140625, 504.1788330078125, 1137.1390380859375, 515.3389892578125",,room-tag position (no leader),"open to 420,416,408,409,406; core isolated by closing gaps < 80 px (27 pt), extended to opening by geodesic split",Medium,258.3
A06.04A (east),413,ADMIN,"1100.1790771484375, 425.938232421875, 1129.3388671875, 437.219970703125",,room-tag position (no leader),enclosed by walls/doors after closing gaps < 48 px (16 pt),High,38.6
A06.04A (east),414,E / O,"1138.5799560546875, 464.45867919921875, 1167.859375, 475.7384033203125",,room-tag position (no leader),enclosed by walls/doors after closing gaps < 48 px (16 pt),High,51.4
A06.04A (east),415,E / O,"1196.05859375, 498.8997802734375, 1225.3380126953125, 510.179443359375",,room-tag position (no leader),enclosed by walls/doors after closing gaps < 48 px (16 pt),High,53.8
A06.04A (east),416,E / O,"1239.3798828125, 549.5388793945312, 1268.6593017578125, 560.818603515625",,room-tag position (no leader),"open to 420,408,409,406,412; core isolated by closing gaps < 80 px (27 pt), extended to opening by geodesic split",Medium,66.3
A06.04A (east),417,CHIEF ETHICS OFFICER,"1406.7802734375, 615.7782592773438, 1436.0596923828125, 626.9384155273438","1322.7799072265625, 612.0",room-tag leader endpoint,enclosed by walls/doors after closing gaps < 48 px (16 pt),High,62.2
A06.04A (east),418,ETHICS OFFICER,"1119.3785400390625, 648.1785888671875, 1148.659912109375, 659.3387451171875",,room-tag position (no leader),enclosed by walls/doors after closing gaps < 48 px (16 pt),High,70.2
A06.04A (east),419,RESTROOM,"1100.1790771484375, 700.9800415039062, 1129.3388671875, 712.1380615234375",,room-tag position (no leader),enclosed by walls/doors after closing gaps < 48 px (16 pt),High,26.5
A06.04A (east),420,ELEC CLOSET,"1148.8990478515625, 736.138427734375, 1178.178466796875, 747.420166015625","1163.5989379882812, 695.218505859375",room-tag leader endpoint,"open to 416,408,409,406,412; core isolated by closing gaps < 96 px (32 pt), extended to opening by geodesic split",Medium,23.5
A06.04A (east),421,DEPARTMENT 3,"1284.739990234375, 937.9796142578125, 1314.0194091796875, 949.2593994140625","1299.618896484375, 843.0585021972656",room-tag leader endpoint,enclosed by walls/doors after closing gaps < 48 px (16 pt),High,389.9
A06.04A (east),422,MIMEO FILES,"1132.579345703125, 937.9796142578125, 1161.8587646484375, 949.2593994140625","1147.3984375, 841.3190002441406",room-tag leader endpoint,enclosed by walls/doors after closing gaps < 48 px (16 pt),High,172.6
A06.04A (east),423,DEPARTMENT 2,"1009.7001953125, 937.9796142578125, 1038.9796142578125, 949.2593994140625","1024.5189208984375, 836.6990051269531",room-tag leader endpoint,enclosed by walls/doors after closing gaps < 48 px (16 pt),High,141.6
A06.04A (east),424,PROCURMENT OFFICER,"918.3782958984375, 937.9796142578125, 947.6597900390625, 949.2593994140625","933.2589111328125, 833.8194885253906",room-tag leader endpoint,enclosed by walls/doors after closing gaps < 48 px (16 pt),High,111.8
A06.04A (east),425,IT ROOM,"876.4998779296875, 729.41845703125, 905.779296875, 740.7001953125",,room-tag position (no leader),enclosed by walls/doors after closing gaps < 48 px (16 pt),High,65.9
A06.04A (east),426,INT HALLWAY,"666.01953125, 745.9793701171875, 695.2989501953125, 757.259033203125",,room-tag position (no leader),"open to 429; core isolated by closing gaps < 80 px (27 pt), extended to opening by geodesic split",Medium,84.0
A06.04A (east),427,CLASS ROOM,"787.5794677734375, 937.9796142578125, 816.85888671875, 949.2593994140625","802.3984375, 840.9579772949219",room-tag leader endpoint,enclosed by walls/doors after closing gaps < 48 px (16 pt),High,229.6
A06.04A (east),428,CLOSET,"669.018798828125, 824.2198486328125, 698.2982177734375, 835.4996337890625","677.5383911132812, 821.6390075683594",room-tag leader endpoint,enclosed by walls/doors after closing gaps < 48 px (16 pt),High,44.8
A06.04A (east),429,RESTROOM,"602.1795654296875, 695.93798828125, 631.33935546875, 707.2197265625",,room-tag position (no leader),"open to 426; core isolated by closing gaps < 80 px (27 pt), extended to opening by geodesic split",Medium,23.7
A06.04A (east),430,HCO BACK FILES,"502.9378967285156, 691.2586669921875, 532.099853515625, 702.5384521484375",,room-tag position (no leader),enclosed by walls/doors after closing gaps < 48 px (16 pt),High,86.6
A06.04A (east),431,LUNCH ROOM,"446.1785583496094, 937.9796142578125, 475.4601135253906, 949.2593994140625","461.0594482421875, 836.6394958496094",room-tag leader endpoint,enclosed by walls/doors after closing gaps < 48 px (16 pt),High,325.0
A06.04A (east),432,PANTRY,"472.2196350097656, 744.6600341796875, 501.3794860839844, 755.8201904296875","433.998046875, 750.0590209960938",room-tag leader endpoint,enclosed by walls/doors after closing gaps < 48 px (16 pt),High,9.8
A06.04A (east),433B,CENTRAL FILES,"389.7779846191406, 907.4984130859375, 419.0594787597656, 918.7781982421875","404.6588439941406, 794.698974609375",room-tag leader endpoint,enclosed by walls/doors after closing gaps < 48 px (16 pt),High,437.7
A06.04A (east),452,BOOKSTOCKS,"195.13919067382812, 296.5782470703125, 224.41860961914062, 307.8599853515625","209.83865356445312, 377.5789794921875",room-tag leader endpoint,enclosed by walls/doors after closing gaps < 48 px (16 pt),High,304.2
A06.04A (east),453,PROMOTION & MARKETING,"473.7780456542969, 295.61968994140625, 502.9378967285156, 306.77984619140625","488.41876220703125, 385.79998779296875",room-tag leader endpoint,enclosed by walls/doors after closing gaps < 48 px (16 pt),High,657.8
A06.04A (east),454,CLOSET,"369.4984436035156, 498.77813720703125, 398.7799377441406, 509.938232421875",,room-tag position (no leader),enclosed by walls/doors after closing gaps < 48 px (16 pt),High,9.7
A06.04A (east),455,CLOSET,"399.6188659667969, 498.77813720703125, 428.8982849121094, 509.938232421875",,room-tag position (no leader),enclosed by walls/doors after closing gaps < 48 px (16 pt),High,9.6
A06.04A (east),456,TREASURY,"731.6590576171875, 296.5782470703125, 760.8189697265625, 307.8599853515625","746.4788818359375, 383.39801025390625",room-tag leader endpoint,enclosed by walls/doors after closing gaps < 48 px (16 pt),High,523.8
A06.04A (east),457,MEN'S RR,"410.1792297363281, 538.7394409179688, 439.4585876464844, 550.0191650390625",,room-tag position (no leader),enclosed by walls/doors after closing gaps < 48 px (16 pt),High,100.7
A06.04A (east),460,WOMEN'S RR,"599.05859375, 526.73828125, 628.3380126953125, 538.0200805664062",,room-tag position (no leader),enclosed by walls/doors after closing gaps < 48 px (16 pt),High,124.8
A06.04B (west),400,STAIR A,"1408.764404296875, 652.5452270507812, 1438.0460205078125, 663.8250122070312",,room-tag position (no leader),enclosed by walls/doors after closing gaps < 48 px (16 pt),High,8.2
A06.04B (west),433A,CENTRAL FILES,"1500.805908203125, 741.2245483398438, 1529.9656982421875, 752.5042114257812",,room-tag position (no leader),enclosed by walls/doors after closing gaps < 48 px (16 pt),High,531.9
A06.04B (west),434,INT HALLWAY,"1149.8052978515625, 737.6254272460938, 1179.084716796875, 748.7855834960938",,room-tag position (no leader),enclosed by walls/doors after closing gaps < 48 px (16 pt),High,206.4
A06.04B (west),435,CLEANING CLOSET,"1259.7247314453125, 605.624755859375, 1289.004150390625, 616.904541015625","1260.5657348632812, 663.165283203125",room-tag leader endpoint,enclosed by walls/doors after closing gaps < 48 px (16 pt),High,24.8
A06.04B (west),436,ESTATES MANAGER,"1158.4444580078125, 925.3051147460938, 1187.725830078125, 936.5848999023438","1173.2657470703125, 823.3054809570312",room-tag leader endpoint,enclosed by walls/doors after closing gaps < 48 px (16 pt),High,249.3
A06.04B (west),437,ESTO INTERVIEW,"1031.1251220703125, 837.8256225585938, 1060.2850341796875, 849.1052856445312",,room-tag position (no leader),enclosed by walls/doors after closing gaps < 48 px (16 pt),High,117.8
A06.04B (west),438,ESTO NW OFFICE,"919.8843994140625, 925.3051147460938, 949.1658935546875, 936.5848999023438","934.7057495117188, 819.1644897460938",room-tag leader endpoint,enclosed by walls/doors after closing gaps < 48 px (16 pt),High,179.6
A06.04B (west),439,LRH COMM,"897.6856689453125, 654.46435546875, 926.965087890625, 665.744140625",,room-tag position (no leader),enclosed by walls/doors after closing gaps < 48 px (16 pt),High,78.3
A06.04B (west),440,EXEC ESTO,"991.1658935546875, 654.2252197265625, 1020.32568359375, 665.5050048828125",,room-tag position (no leader),"open to 442,444,443; core isolated by closing gaps < 80 px (27 pt), extended to opening by geodesic split",Medium,80.7
A06.04B (west),441,ADMIN,"1067.36572265625, 663.22509765625, 1096.6451416015625, 674.5048828125",,room-tag position (no leader),enclosed by walls/doors after closing gaps < 48 px (16 pt),High,40.6
A06.04B (west),442,FINANCE OFFICE,"1162.0455322265625, 663.22509765625, 1183.7659912109375, 674.5048828125",,room-tag position (no leader),"open to 440,444,443; core isolated by closing gaps < 80 px (27 pt), extended to opening by geodesic split",Medium,120.9
A06.04B (west),443,EXECUTIVES OFFICE,"881.6051025390625, 499.06329345703125, 910.884521484375, 510.3450927734375",,room-tag position (no leader),"open to 442,440,444; core isolated by closing gaps < 80 px (27 pt), extended to opening by geodesic split",Medium,989.6
A06.04B (west),444,EXECUTIVE DIRECTOR DAY,"877.645263671875, 441.58465576171875, 906.9246826171875, 452.86431884765625",,room-tag position (no leader),"open to 442,440,443; core isolated by closing gaps < 80 px (27 pt), extended to opening by geodesic split",Medium,140.5
A06.04B (west),445,DIRECTOR FOUNDATION,"1025.2440185546875, 429.22479248046875, 1054.525634765625, 440.38494873046875",,room-tag position (no leader),enclosed by walls/doors after closing gaps < 48 px (16 pt),High,140.2
A06.04B (west),446,FLAG REP,"1066.885498046875, 283.06475830078125, 1096.1649169921875, 294.344482421875","1081.7047729492188, 361.24456787109375",room-tag leader endpoint,enclosed by walls/doors after closing gaps < 48 px (16 pt),High,79.8
A06.04B (west),447,CONFERENCE ROOM,"1283.4859619140625, 288.5850830078125, 1312.765380859375, 299.86474609375","1298.3047485351562, 352.66412353515625",room-tag leader endpoint,enclosed by walls/doors after closing gaps < 48 px (16 pt),High,133.3
A06.04B (west),448,INVEST/ LEGAL,"1378.88525390625, 283.06475830078125, 1408.045166015625, 294.344482421875","1393.5247192382812, 387.7050476074219",room-tag leader endpoint,enclosed by walls/doors after closing gaps < 48 px (16 pt),High,144.8
A06.04B (west),449,SOCIAL REFORM / PR,"1501.7642822265625, 282.46490478515625, 1531.0457763671875, 293.74462890625","1516.645263671875, 382.12493896484375",room-tag leader endpoint,enclosed by walls/doors after closing gaps < 48 px (16 pt),High,126.5
A06.04B (west),450,DIRECTOR SPECIAL AFFAIRS,"1374.805908203125, 482.38494873046875, 1404.0853271484375, 493.66461181640625",,room-tag position (no leader),"open to 451; core isolated by closing gaps < 96 px (32 pt), extended to opening by geodesic split",Medium,138.1
A06.04B (west),451,SPECIAL AFFAIRS,"1419.085693359375, 458.745361328125, 1448.3651123046875, 469.905517578125",,room-tag position (no leader),"open to 450; core isolated by closing gaps < 96 px (32 pt), extended to opening by geodesic split",Medium,240.7
